country,year,Voter turnout (highest score=1),Freedom of Religion (highest score=1),Urban population (% of total population),ethnicity_ratio,economic_stability_index,political_social_index
Australia,1990,0.82,0.98,85.433,0.84,-0.052234755930371586,0.313882588015779
Australia,1991,0.82,0.98,85.403,0.84,-3.7531740836675493,0.3141078100078595
Australia,1992,0.82,0.98,85.285,0.84,-2.800049432146155,0.31433303199994067
Australia,1993,0.84,0.98,85.157,0.84,1.014131277394964,0.3171615800294368
Australia,1994,0.84,0.98,85.028,0.84,0.8734923766766084,0.3171615800294368
Australia,1995,0.84,0.98,84.898,0.84,0.623006327898904,0.319009890181828
Australia,1996,0.83,0.98,84.767,0.84,0.5011999704600858,0.32073310386454584
Australia,1997,0.83,0.98,84.636,0.84,0.6852675694487914,0.32018579228960836
Australia,1998,0.82,0.98,84.503,0.84,1.515628618159687,0.32163435286483993
Australia,1999,0.82,0.98,84.37,0.84,1.77534709135403,0.32246210206208986
Australia,2000,0.82,0.98,84.235,0.84,0.6293649584975013,0.32383512445479606
Australia,2001,0.84,0.98,84.1,0.84,-1.3860570251956017,0.3277258021143596
Australia,2002,0.84,0.98,84.222,0.84,0.6939597110466771,0.32608604712512473
Australia,2003,0.84,0.98,84.343,0.84,-0.19783567705652622,0.330600839953784
Australia,2004,0.83,0.98,84.463,0.84,1.0063247097227073,0.3292958324696921
Australia,2005,0.83,0.98,84.582,0.84,-0.20349063060777647,0.3272227918796448
Australia,2006,0.83,0.98,84.7,0.84,-0.7315735711409702,0.32349627602326914
Australia,2007,0.83,0.98,84.822,0.84,-0.21284800467029513,0.3441484854475773
Australia,2008,0.83,0.81,84.943,0.84,-0.5784332281794391,0.34984366277236506
Australia,2009,0.83,0.98,85.063,0.84,-2.295315079826975,0.3521010591866946
Australia,2010,0.81,0.98,85.182,0.84,-1.4610454850835026,0.3594903635810837
Australia,2011,0.81,0.98,85.3,0.84,-1.1137344525307629,0.35978470058815737
Australia,2012,0.81,1.0,85.402,0.84,0.010379593121593646,0.3608565840686843
Australia,2013,0.79,1.0,85.502,0.84,-1.2542428502343812,0.30065287755628023
Australia,2014,0.79,1.0,85.602,0.84,-1.0212429517440738,0.2969450091884431
Australia,2015,0.79,1.0,85.701,0.84,-1.368102299874423,0.2868142964948718
Australia,2016,0.79,1.0,85.8,0.84,-0.9232863286364883,0.2954642747238836
Australia,2017,0.79,1.0,85.904,0.84,-1.4620488193253067,0.2904839553436352
Australia,2018,0.79,0.89,86.012,0.84,-0.7312122690316173,0.2523845344574088
Australia,2019,0.81,0.89,86.124,0.84,-1.4270307925791088,0.1981471082034456
Australia,2020,0.81,1.0,86.241,0.84,-3.665951911745363,0.22008878796973674
Australia,2021,0.81,1.0,86.362,0.84,-0.14145553843445338,0.20085229178194333
Australia,2022,0.76,1.0,86.488,0.84,0.8758397998745393,0.21350403502479331
Austria,1990,0.81,0.98,62.96,0.93,1.4439989166835483,0.14134468681152565
Austria,1991,0.81,0.98,62.689,0.93,0.30443591063868025,0.14178630576241025
Austria,1992,0.76,0.98,62.417,0.93,-1.1334596943700619,0.1424619717386533
Austria,1993,0.76,0.98,62.144,0.93,-2.4083078785566823,0.14317950708862118
Austria,1994,0.76,0.98,61.87,0.93,-0.10079795835856252,0.14567384622261775
Austria,1995,0.79,0.98,61.596,0.93,0.4013487287143929,0.1496896633660729
Austria,1996,0.79,0.98,61.32,0.93,0.10186789338194305,0.15393700151320025
Austria,1997,0.79,0.85,61.045,0.93,-0.13159393069712283,0.1543796236700109
Austria,1998,0.68,0.85,60.768,0.93,1.3582547286490807,0.1571658957999781
Austria,1999,0.73,0.85,60.491,0.93,1.2454661423539917,0.1580666520501107
Austria,2000,0.73,0.85,60.213,0.93,1.017855110409949,0.1681172985251276
Austria,2001,0.73,0.85,59.934,0.93,-1.2293227067143169,0.16918136017830301
Austria,2002,0.77,0.85,59.655,0.93,-0.956909210820571,0.17375177897674818
Austria,2003,0.77,0.85,59.375,0.93,-1.6586413654232743,0.1749751175598986
Austria,2004,0.66,0.85,59.094,0.93,-0.009908832563435012,0.1762512748728357
Austria,2005,0.66,0.85,58.813,0.93,-0.5597203826853263,0.1767524132640001
Austria,2006,0.73,0.85,58.532,0.93,0.8338490971488569,0.18658212829788312
Austria,2007,0.73,0.85,58.249,0.93,1.2821316254868274,0.20469192032742883
Austria,2008,0.76,0.98,57.966,0.93,-0.9662885913078693,0.20316088429634468
Austria,2009,0.76,0.85,57.683,0.93,-6.125942795016425,0.20067952918153095
Austria,2010,0.47,0.8,57.399,0.93,-0.5170262308284089,0.20269595596455856
Austria,2011,0.47,0.98,57.115,0.93,0.4668288282138111,0.20840316908165477
Austria,2012,0.47,1.0,57.147,0.93,-1.8871946108059237,0.21324502800894993
Austria,2013,0.66,1.0,57.336,0.93,-2.6719432479823246,0.21156865578797404
Austria,2014,0.66,1.0,57.526,0.93,-2.2319863004978644,0.20694060859358154
Austria,2015,0.66,1.0,57.715,0.93,-2.2211657751676563,0.19771935544107566
Austria,2016,0.64,0.89,57.905,0.93,-1.2171478762706531,0.17258836160279056
Austria,2017,0.69,0.73,58.094,0.93,-0.5589121145130792,0.1841729189998687
Austria,2018,0.69,0.71,58.297,0.93,-0.18192695919067348,0.12215316534922413
Austria,2019,0.64,0.73,58.515,0.93,-1.109235050561011,0.15810798194658957
Austria,2020,0.64,0.77,58.748,0.93,-9.129460607216899,0.16392048571941012
Austria,2021,0.64,0.73,58.995,0.93,1.6750672307928325,0.14629966204468034
Austria,2022,0.54,0.73,59.256,0.93,1.6993267787853308,0.07488342166171999
Belgium,1990,0.87,0.98,96.377,0.59,0.7206608365760805,0.24725080008028738
Belgium,1991,0.85,0.98,96.461,0.59,-0.6542483400209366,0.2513250472337388
Belgium,1992,0.85,0.85,96.542,0.59,-0.9900564278214189,0.2604674934384457
Belgium,1993,0.85,0.98,96.622,0.59,-3.457615043911591,0.26287885857103954
Belgium,1994,0.85,0.98,96.7,0.59,0.7997032464487701,0.2637797465393636
Belgium,1995,0.83,0.98,96.777,0.59,0.060933607446514305,0.26997311932626616
Belgium,1996,0.83,0.98,96.851,0.59,-0.9859403429386863,0.28364876219241886
Belgium,1997,0.83,0.98,96.924,0.59,1.4331761071006377,0.28613138059882953
Belgium,1998,0.83,0.98,96.996,0.59,-0.36528208345913965,0.2807105350972707
Belgium,1999,0.83,0.85,97.065,0.59,1.1961029780145338,0.2823269542670844
Belgium,2000,0.83,0.85,97.129,0.59,1.3558481203868455,0.285689147851153
Belgium,2001,0.83,0.85,97.186,0.59,-1.3571271932324345,0.2862522028313555
Belgium,2002,0.83,0.98,97.241,0.59,-0.8576345844687014,0.2864774248234365
Belgium,2003,0.86,0.98,97.296,0.59,-1.493733888136002,0.29788189960867495
Belgium,2004,0.86,0.98,97.35,0.59,1.0143171023725035,0.2695273479585752
Belgium,2005,0.86,0.85,97.403,0.59,-0.34910788963563677,0.29922237041109523
Belgium,2006,0.86,0.85,97.454,0.59,-0.23140223196488874,0.2984817059720405
Belgium,2007,0.86,0.85,97.505,0.59,0.8087230188687592,0.3000623517518578
Belgium,2008,0.86,0.98,97.555,0.59,-2.4530844840767325,0.3010010853378254
Belgium,2009,0.86,0.98,97.603,0.59,-4.915562832602349,0.30579166284737647
Belgium,2010,0.85,0.8,97.651,0.59,-0.18086153019983284,0.304996082689089
Belgium,2011,0.85,0.85,97.698,0.59,-1.729603506503719,0.30687377674157235
Belgium,2012,0.85,0.74,97.744,0.59,-1.9932370159273833,0.31835683556590455
Belgium,2013,0.85,0.74,97.789,0.59,-2.122780459408198,0.2903021904842974
Belgium,2014,0.87,0.74,97.833,0.59,-0.9810341452981447,0.290221253266052
Belgium,2015,0.87,0.74,97.876,0.59,-0.6577345161605787,0.2901793838923271
Belgium,2016,0.87,0.74,97.919,0.59,-1.3543574005281813,0.28971322141117617
Belgium,2017,0.87,0.74,97.961,0.59,-0.8807658076846325,0.26576241619147684
Belgium,2018,0.87,0.74,98.001,0.59,-0.7789772583773887,0.2659876381835578
Belgium,2019,0.78,0.71,98.041,0.59,-0.4198771093456197,0.2595742087980904
Belgium,2020,0.78,0.74,98.079,0.59,-7.777845186579448,0.23490785881814702
Belgium,2021,0.78,0.74,98.117,0.59,4.302460106122912,0.24720707050987625
Belgium,2022,0.78,0.74,98.153,0.59,0.02209155989464656,0.25894079520939717
Canada,1990,0.68,0.98,76.582,0.59,-3.406044515760971,0.1449497325297222
Canada,1991,0.68,0.98,76.62,0.59,-5.409888698885748,0.14540017651388426
Canada,1992,0.68,0.98,76.887,0.59,-2.4062984572967494,0.1287361877143869
Canada,1993,0.63,0.98,77.152,0.59,-0.5738288009007507,0.1342680380513296
Canada,1994,0.63,0.98,77.414,0.59,1.2462404311757465,0.14617193012448296
Canada,1995,0.63,0.98,77.675,0.59,-0.4842778098024139,0.14662237410864498
Canada,1996,0.63,0.98,77.951,0.59,-1.4780188069108364,0.1532059067555226
Canada,1997,0.56,0.98,78.34,0.59,1.1394317561411098,0.15004080393663738
Canada,1998,0.56,0.98,78.724,0.59,0.9246974449887266,0.14946701726186762
Canada,1999,0.56,0.98,79.103,0.59,2.180296022037556,0.14991746124602964
Canada,2000,0.54,0.98,79.478,0.59,2.054422950371691,0.16587448297321603
Canada,2001,0.54,0.98,79.81,0.59,-1.335159851102144,0.16722731679451303
Canada,2002,0.54,0.98,79.888,0.59,-0.22426478033608843,0.16558289922595282
Canada,2003,0.54,0.98,79.967,0.59,-1.2166654103548418,0.17070728125055767
Canada,2004,0.55,0.98,80.045,0.59,0.025450049435968687,0.17121567177462793
Canada,2005,0.55,0.85,80.122,0.59,0.13074594930099634,0.16782685718818227
Canada,2006,0.58,0.98,80.213,0.59,-0.5033238412988399,0.1850764363901126
Canada,2007,0.58,0.98,80.396,0.59,-1.0458426122265385,0.18170957568027002
Canada,2008,0.53,0.98,80.578,0.59,-2.201890297775938,0.18349697138259302
Canada,2009,0.53,0.98,80.758,0.59,-6.126779188217793,0.18604617122006
Canada,2010,0.53,0.98,80.937,0.59,-0.1585964692279373,0.18821886562451773
Canada,2011,0.53,0.98,81.096,0.59,0.023193172050543935,0.14306850472492394
Canada,2012,0.53,1.0,81.137,0.59,-1.4527710760812047,0.15103015767053665
Canada,2013,0.53,1.0,81.178,0.59,-0.8591888248233847,0.13204319763988642
Canada,2014,0.53,1.0,81.218,0.59,-0.26511142510603125,0.1327700497063372
Canada,2015,0.62,1.0,81.259,0.59,-2.207956373228717,0.12995404142178957
Canada,2016,0.62,1.0,81.3,0.59,-2.2086555036152324,0.1444098012870393
Canada,2017,0.62,1.0,81.35,0.59,-0.30423932357795486,0.2046661890731992
Canada,2018,0.62,1.0,81.411,0.59,-0.8075847705745731,0.20713514519539517
Canada,2019,0.62,0.8,81.482,0.59,-1.6541535555715756,0.20593086324673165
Canada,2020,0.62,0.8,81.562,0.59,-8.16196249040279,0.16414495169460314
Canada,2021,0.55,0.84,81.653,0.59,2.5733512155521683,0.16911399546926856
Canada,2022,0.55,0.84,81.752,0.59,-0.16553113859898533,0.12332579881722058
Chile,1990,0.87,0.98,83.271,0.91,-0.4348547366746187,-0.6686815748510275
Chile,1991,0.87,0.98,83.398,0.91,3.953763063436207,-0.5508706652003608
Chile,1992,0.87,0.98,83.564,0.91,7.280187891408943,-0.5488657061768552
Chile,1993,0.82,0.98,83.896,0.91,2.8342298674732347,-0.5220360624417216
Chile,1994,0.82,0.98,84.223,0.91,1.3520201594937207,-0.4826619531739673
Chile,1995,0.82,0.98,84.545,0.91,5.266663796748333,-0.4800009542372176
Chile,1996,0.82,0.98,84.861,0.91,3.241837018186418,-0.4751106344892807
Chile,1997,0.73,0.75,85.172,0.91,3.877156663700116,-0.4734835178559028
Chile,1998,0.73,0.75,85.477,0.91,0.7695044407354864,-0.4727571574726574
Chile,1999,0.73,0.8,85.778,0.91,-3.5634130351559365,-0.48658048713240765
Chile,2000,0.72,0.98,86.073,0.91,1.6631938384809706,-0.4332898481136282
Chile,2001,0.67,0.85,86.363,0.91,-0.09923248244499125,-0.42844218904301806
Chile,2002,0.67,0.98,86.606,0.91,-0.023066655387260236,-0.03458648411164971
Chile,2003,0.67,0.85,86.665,0.91,1.5223790650476547,-0.03353297574527923
Chile,2004,0.67,0.98,86.725,0.91,3.5071664911818474,-0.0319098875849691
Chile,2005,0.63,0.75,86.783,0.91,2.698361499066164,0.01932538675753703
Chile,2006,0.63,0.8,86.842,0.91,2.906849505844335,-0.06266612585695763
Chile,2007,0.63,0.8,86.9,0.91,2.032861809522208,-0.056641819126450936
Chile,2008,0.63,0.98,86.959,0.91,0.6466628061387903,-0.05275730607874336
Chile,2009,0.59,0.98,87.017,0.91,-4.2374321606368595,-0.05950458404918701
Chile,2010,0.59,0.98,87.074,0.91,2.679814329035791,-0.031822215792776255
Chile,2011,0.59,0.98,87.132,0.91,3.0669197058516224,0.10039715589887922
Chile,2012,0.59,1.0,87.189,0.91,3.016606402218038,0.09422528369062819
Chile,2013,0.45,1.0,87.246,0.91,0.20725763432487845,-0.17543858252803096
Chile,2014,0.45,1.0,87.303,0.91,-1.3362147431988252,-0.15726675466077927
Chile,2015,0.45,1.0,87.36,0.91,-1.0033868700751989,0.081116301833024
Chile,2016,0.45,1.0,87.422,0.91,-1.5588520485556645,0.068235609459654
Chile,2017,0.49,1.0,87.49,0.91,-2.322420756479317,0.07715754402745774
Chile,2018,0.49,1.0,87.564,0.91,0.02991496377098891,0.03811898408018528
Chile,2019,0.49,1.0,87.643,0.872,-3.154670409992067,-0.0036195856948989654
Chile,2020,0.49,1.0,87.727,0.872,-9.522749133769981,-0.007554722212646824
Chile,2021,0.5,1.0,87.817,0.872,8.522735907981252,0.018608089433533054
Chile,2022,0.5,1.0,87.912,0.91,-0.2464508630119181,-0.0075207262528660624
Colombia,1990,0.39,0.71,69.481,0.73,0.003284725401607696,-1.2935238774412574
Colombia,1991,0.24,0.8,69.949,0.73,-2.1652664435485454,-1.210386023288839
Colombia,1992,0.24,0.8,70.415,0.71,-0.10716992220569796,-1.151377284370876
Colombia,1993,0.24,0.8,70.874,0.71,1.219108596889705,-1.149376353820439
Colombia,1994,0.28,0.8,71.328,0.71,1.6647339998105275,-1.1465912508721592
Colombia,1995,0.28,0.8,71.777,0.71,1.1201686338036874,-1.1505004991232817
Colombia,1996,0.28,0.8,72.223,0.71,-1.8988840858525444,-1.1630586134632936
Colombia,1997,0.28,0.8,72.662,0.71,-0.5076395740882278,-1.168489847336029
Colombia,1998,0.39,0.8,73.098,0.71,-3.2686936605613104,-1.1772911552741043
Colombia,1999,0.39,0.8,73.53,0.71,-7.903637328042432,-1.1812836236744568
Colombia,2000,0.39,0.8,73.957,0.71,-0.8380729240307485,-1.4294789801586258
Colombia,2001,0.39,0.75,74.379,0.71,-2.020681907652465,-1.4271880466536873
Colombia,2002,0.44,0.8,74.797,0.71,-1.1664736106504676,-1.4003160663598526
Colombia,2003,0.44,0.8,75.211,0.71,0.28126947897532717,-1.4154223201359266
Colombia,2004,0.44,0.8,75.62,0.71,1.7302183142644665,-1.4112772780270977
Colombia,2005,0.44,0.8,76.024,0.71,1.297719641155291,-1.4059682850572066
Colombia,2006,0.43,0.8,76.423,0.71,3.2305414988776993,-1.1331530798241372
Colombia,2007,0.43,0.8,76.816,0.71,3.3136619696395417,-1.1198041480123644
Colombia,2008,0.43,0.8,77.204,0.71,-0.024942433369677334,-1.12857553219692
Colombia,2009,0.43,0.98,77.587,0.71,-2.1075275774715085,-1.1257295982036197
Colombia,2010,0.44,0.75,77.964,0.71,1.2145347378937403,-1.0665691572906015
Colombia,2011,0.44,0.8,78.335,0.71,3.675506327318302,-1.0208522331695549
Colombia,2012,0.44,0.86,78.701,0.71,0.728672314408429,-1.0146545421102309
Colombia,2013,0.44,0.86,79.061,0.71,1.9890357760775628,-0.9017075385474258
Colombia,2014,0.52,1.0,79.415,0.71,1.404711282072095,-0.8831338313326694
Colombia,2015,0.52,0.86,79.764,0.71,-0.11862547380690894,-0.8772350847195948
Colombia,2016,0.52,0.86,80.108,0.71,-1.106969763073507,-0.8706824380440363
Colombia,2017,0.52,0.86,80.446,0.71,-2.271161323577595,-0.873689089764774
Colombia,2018,0.57,0.81,80.778,0.71,-1.4707631052487222,-0.8700152392366247
Colombia,2019,0.57,0.86,81.104,0.71,-0.7942406823129933,-0.9223902305234057
Colombia,2020,0.57,0.86,81.425,0.71,-10.715039207704086,-0.9407827591496332
Colombia,2021,0.57,0.86,81.74,0.71,7.644343814496148,-0.9172261043688922
Colombia,2022,0.62,0.86,82.05,0.7045230769230769,4.408286192185136,-0.8886115691092359
Costa Rica,1990,0.85,0.85,50.003,0.837,-1.1547809112747074,0.10624805971339696
Costa Rica,1991,0.85,0.98,50.917,0.837,-2.4058493413876585,0.12649212914288202
Costa Rica,1992,0.85,0.85,51.832,0.837,4.378960586201765,0.1277308500993277
Costa Rica,1993,0.85,0.85,52.743,0.837,2.3639494430252834,0.1286317380676517
Costa Rica,1994,0.84,0.85,53.653,0.837,-0.099947296732927,0.13068668612179007
Costa Rica,1995,0.84,0.98,54.561,0.837,-0.3954467513775765,0.1354267009425303
Costa Rica,1996,0.84,0.98,55.467,0.837,-3.0700699078650153,0.1359190143004172
Costa Rica,1997,0.84,0.98,56.367,0.837,1.0204462415516669,0.1367867262101024
Costa Rica,1998,0.74,0.98,57.264,0.837,2.746671369186604,0.147447893379335
Costa Rica,1999,0.74,0.98,58.157,0.837,-0.0316781478657947,0.14424519928092042
Costa Rica,2000,0.74,0.98,59.052,0.837,-0.2704151788138136,0.151158402301081
Costa Rica,2001,0.74,0.98,60.41,0.837,-0.5083021109045851,0.15172145728128353
Costa Rica,2002,0.58,0.98,61.753,0.837,-0.4333439635400073,0.16406794115138845
Costa Rica,2003,0.58,0.98,63.08,0.837,0.564496743231864,0.1652847549208017
Costa Rica,2004,0.58,0.98,64.388,0.837,0.739182056537353,0.16325914280323803
Costa Rica,2005,0.58,0.98,65.672,0.837,0.34752713115051076,0.15795645024481325
Costa Rica,2006,0.64,0.98,66.935,0.837,3.690565185370961,0.18105168704740707
Costa Rica,2007,0.64,0.85,68.174,0.837,4.5984845130204075,0.17843123393612317
Costa Rica,2008,0.64,0.98,69.39,0.837,1.1887489447140633,0.18528812078596726
Costa Rica,2009,0.64,0.8,70.575,0.837,-4.312308412315234,0.19136680320704133
Costa Rica,2010,0.62,0.8,71.736,0.837,1.9033827803168755,0.2081469687326684
Costa Rica,2011,0.62,0.85,72.868,0.837,1.0072687430370248,0.20580341944503314
Costa Rica,2012,0.62,1.0,73.946,0.837,1.5185608743359906,0.20407214368246626
Costa Rica,2013,0.62,0.81,74.97,0.837,-0.7897206574003613,0.18704481770780884
Costa Rica,2014,0.52,1.0,75.941,0.837,0.30532398464718485,0.1859426652144432
Costa Rica,2015,0.52,0.89,76.862,0.837,0.46394766098806767,0.18472795676138656
Costa Rica,2016,0.52,0.89,77.735,0.837,1.0422861727230128,0.19083215488598293
Costa Rica,2017,0.52,1.0,78.56,0.837,1.034026472161312,0.20651239243861486
Costa Rica,2018,0.59,1.0,79.34,0.837,-0.44792325229584884,0.1961835041812978
Costa Rica,2019,0.59,0.89,80.076,0.837,-0.5739260672022815,0.19967623190224915
Costa Rica,2020,0.59,0.89,80.771,0.837,-7.103310131082775,0.20397299039996505
Costa Rica,2021,0.59,1.0,81.425,0.837,5.180428404525237,0.1690238958142304
Costa Rica,2022,0.54,0.89,82.042,0.8370000000000001,1.9000393592738576,0.1392859284861199
Czechia,1990,0.94,0.94,75.22,0.0,-13.101470249723404,-0.32915929346419703
Czechia,1991,0.94,0.94,75.158,0.0,-13.512190908006101,-0.2795349835398641
Czechia,1992,0.84,0.94,75.03,0.0,-2.7179913315836592,-0.27828823051494894
Czechia,1993,0.84,0.98,74.901,0.0,-2.151753908134981,0.019831838035233917
Czechia,1994,0.84,0.98,74.772,0.0,0.7624384300547011,0.024214626296460824
Czechia,1995,0.84,0.98,74.643,0.0,4.456423140001874,-0.24201384991288102
Czechia,1996,0.78,0.98,74.513,0.0,2.2771292885724375,-0.23543768539488835
Czechia,1997,0.78,0.85,74.382,0.0,-2.520770699611252,-0.23422087162547495
Czechia,1998,0.77,0.98,74.251,0.0,-2.371817094225956,-0.27519526148095025
Czechia,1999,0.77,0.98,74.12,0.0,-0.6219127309322904,-0.277893791075682
Czechia,2000,0.77,0.98,73.988,0.0,2.1833623736703065,-0.2783686272244463
Czechia,2001,0.77,0.98,73.877,0.0,1.3211496083245713,-0.2767520638778732
Czechia,2002,0.59,0.85,73.809,0.0,-0.34373187802692806,0.02628763293455967
Czechia,2003,0.59,0.98,73.74,0.0,1.5036283737161038,0.026677560056458403
Czechia,2004,0.59,0.85,73.671,0.0,2.672668857463269,0.04765700386399233
Czechia,2005,0.59,0.85,73.602,0.0,4.3445370636158955,0.1744413343672421
Czechia,2006,0.65,0.85,73.533,0.0,4.368576927554392,0.19748599958049706
Czechia,2007,0.65,0.98,73.463,0.0,2.846466512915424,0.19058591779938824
Czechia,2008,0.65,0.98,73.394,0.0,-0.2714868352633127,0.19165700063034058
Czechia,2009,0.65,0.98,73.324,0.0,-7.308653054130566,0.19161672504199515
Czechia,2010,0.62,0.98,73.255,0.0,0.027162260923800606,0.20920963017695682
Czechia,2011,0.62,0.98,73.185,0.0,-0.5595068027874268,0.2183732037840787
Czechia,2012,0.62,1.0,73.197,0.0,-3.0334186353831383,0.21550503543538185
Czechia,2013,0.58,1.0,73.29,0.0,-2.1887642395558142,0.1813929131510663
Czechia,2014,0.58,0.81,73.384,0.0,0.04471459011918903,0.1554070887315021
Czechia,2015,0.58,0.81,73.477,0.0,3.0716943624912956,0.15793157651163764
Czechia,2016,0.58,0.8,73.57,0.0,0.23081758690058027,0.15796509848710683
Czechia,2017,0.58,0.8,73.675,0.0,2.779986819599188,0.10137719684084785
Czechia,2018,0.58,0.84,73.792,0.0,0.7657298511677868,0.07840893021835162
Czechia,2019,0.58,0.77,73.921,0.0,0.5152435527846169,0.057218675163894894
Czechia,2020,0.58,0.77,74.061,0.0,-7.842228936994675,0.04986227031196227
Czechia,2021,0.61,0.84,74.214,0.0,3.3366523113168567,0.09618725255933025
Czechia,2022,0.61,0.84,74.377,0.0,-1.3540134676200286,0.17787679059307107
Denmark,1990,0.81,0.98,84.843,1.0,-0.7992672817687478,0.5269190119197774
Denmark,1991,0.81,0.98,84.871,1.0,-0.9789557792923724,0.5285767757448444
Denmark,1992,0.81,0.98,84.898,1.0,-0.4893731922033715,0.5288019977369255
Denmark,1993,0.81,0.98,84.925,1.0,-2.431743571942397,0.5304650952992414
Denmark,1994,0.82,0.98,84.952,1.0,2.867564407633819,0.5311407612754843
Denmark,1995,0.82,0.98,84.979,1.0,0.3824684406733616,0.5314190748233264
Denmark,1996,0.82,0.98,85.006,1.0,0.2096248691434786,0.5328209694646233
Denmark,1997,0.82,0.98,85.033,1.0,0.7229001123499256,0.5336092464369068
Denmark,1998,0.83,0.98,85.06,1.0,-0.2621489010603499,0.5348614572686479
Denmark,1999,0.83,0.98,85.086,1.0,0.4982013941886124,0.5367644903011093
Denmark,2000,0.83,0.98,85.1,1.0,1.2909471399102241,0.5369897122931904
Denmark,2001,0.85,0.98,85.15,1.0,-1.6472278231949975,0.5418423381099711
Denmark,2002,0.85,0.98,85.25,1.0,-1.9638910225993016,0.5428576120174338
Denmark,2003,0.85,0.98,85.36,1.0,-1.9924332079775762,0.5533203909966845
Denmark,2004,0.85,0.98,85.566,1.0,0.29346837105882995,0.5599799692436326
Denmark,2005,0.81,0.85,85.856,1.0,-0.054576556907881046,0.567264433778415
Denmark,2006,0.81,0.98,86.098,1.0,1.4623734187596238,0.5640608784716155
Denmark,2007,0.83,0.98,86.293,1.0,-1.6469618472489274,0.5688055581343738
Denmark,2008,0.83,0.98,86.487,1.0,-3.204530691440216,0.5738213576360061
Denmark,2009,0.83,0.98,86.654,1.0,-7.523712119868749,0.573145691659763
Denmark,2010,0.83,0.98,86.795,1.0,-0.6901753989807792,0.577660484488422
Denmark,2011,0.82,0.98,86.957,1.0,-1.1892642467482233,0.5818828305242514
Denmark,2012,0.82,0.89,87.142,1.0,-2.259569789375218,0.5825508030406221
Denmark,2013,0.82,1.0,87.292,1.0,-1.5962116339443473,0.5825089336668977
Denmark,2014,0.82,0.89,87.41,1.0,-1.004193387387404,0.5850421147621191
Denmark,2015,0.8,0.89,87.526,1.0,-0.4874667765859747,0.5780346396493108
Denmark,2016,0.8,0.89,87.642,1.0,0.3337397081445192,0.5781849479272193
Denmark,2017,0.8,0.89,87.757,1.0,0.052728701704217756,0.5684981141348193
Denmark,2018,0.8,0.89,87.874,1.0,-0.6245346442114917,0.5581120200314954
Denmark,2019,0.76,0.89,87.994,1.0,-0.9789546600884946,0.5681097135771805
Denmark,2020,0.76,0.87,88.116,1.0,-4.8182685913673,0.5375447845051382
Denmark,2021,0.76,0.89,88.24,1.0,4.272839095524986,0.5341152507203947
Denmark,2022,0.76,0.89,88.367,1.0,-0.18417726099541545,0.5784715852274406
Estonia,1991,0.78,0.89,71.046,0.679,4.3929597250556265,-0.4890969194387714
Estonia,1992,0.4,0.98,70.86,0.679,4.392953629738893,-0.758010160450072
Estonia,1993,0.4,0.98,70.674,0.679,4.3929475344221585,-0.5300019042132574
Estonia,1994,0.4,0.98,70.487,0.679,4.392941439105422,-0.51762205163639
Estonia,1995,0.48,0.98,70.3,0.679,4.392935343788689,0.028066166025715614
Estonia,1996,0.48,0.98,70.111,0.679,4.393357360595721,0.03393589477690219
Estonia,1997,0.48,0.98,69.923,0.679,12.2377664203574,0.04181299658955579
Estonia,1998,0.48,0.98,69.733,0.679,3.2374624237674356,0.042100266888866436
Estonia,1999,0.45,0.98,69.543,0.679,-2.827287924994558,0.05249487540280863
Estonia,2000,0.45,0.98,69.368,0.679,7.446957889258838,0.070353127013372
Estonia,2001,0.45,0.98,69.242,0.679,4.571559365107895,0.0745106932825179
Estonia,2002,0.45,0.98,69.116,0.679,5.340390478505932,0.09089459055040705
Estonia,2003,0.47,0.98,68.989,0.679,6.168290586570005,0.09546712452553578
Estonia,2004,0.47,0.98,68.862,0.679,5.334950417016823,0.2330273990517813
Estonia,2005,0.47,0.98,68.735,0.679,8.04556024803124,0.23437873100426737
Estonia,2006,0.47,0.98,68.607,0.679,8.305250638031712,0.2546993362981473
Estonia,2007,0.53,0.98,68.479,0.679,5.961523380251382,0.26198785371739003
Estonia,2008,0.53,0.98,68.351,0.679,-6.986804611675212,0.2678048140641001
Estonia,2009,0.53,0.98,68.223,0.679,-16.573879601877085,0.26900027679498717
Estonia,2010,0.53,0.98,68.094,0.679,0.5686201089089336,0.29197721378010966
Estonia,2011,0.55,0.98,67.965,0.679,5.47967965019428,0.30776695382370506
Estonia,2012,0.55,1.0,67.974,0.679,1.4888587545526866,0.31358980816865095
Estonia,2013,0.55,1.0,68.122,0.679,-0.28933548060322345,0.32599480382870144
Estonia,2014,0.55,1.0,68.269,0.679,1.172375123564434,0.3233077811869585
Estonia,2015,0.56,1.0,68.416,0.679,-0.32326228437982185,0.34449868373547543
Estonia,2016,0.56,1.0,68.563,0.679,1.0159860085236212,0.4013146594914227
Estonia,2017,0.56,1.0,68.717,0.679,3.554481174855678,0.3801646315753971
Estonia,2018,0.56,1.0,68.88,0.679,1.3140616867991821,0.39085407558704516
Estonia,2019,0.56,1.0,69.051,0.679,1.2454094997779805,0.35463918550824136
Estonia,2020,0.56,1.0,69.229,0.679,-2.856841381061415,0.3509863350376315
Estonia,2021,0.56,1.0,69.415,0.679,5.7894514007612665,0.36244492906257525
Estonia,2022,0.56,1.0,69.609,0.679,-4.70749202052923,0.3646903215627798
Finland,1990,0.83,0.98,79.367,0.93,-1.8848593450497872,0.05076924081276788
Finland,1991,0.72,0.98,79.843,0.93,-8.50874573105631,0.08966907390778465
Finland,1992,0.72,0.98,80.128,0.93,-5.946316446350604,0.09117955107205429
Finland,1993,0.72,0.98,80.409,0.93,-3.2512738758124806,0.08989442307160832
Finland,1994,0.82,0.98,80.688,0.93,1.4061753857973822,0.09576041613456222
Finland,1995,0.71,0.98,80.963,0.93,1.7101536027019215,0.36882656168706845
Finland,1996,0.71,0.98,81.223,0.93,1.2179557387753919,0.3662076338387543
Finland,1997,0.71,0.85,81.466,0.93,3.9083848359566695,0.3671085218070784
Finland,1998,0.71,0.98,81.707,0.93,3.067917509863585,0.3812696575411181
Finland,1999,0.65,0.98,81.946,0.93,2.0279031474229163,0.3829211251998573
Finland,2000,0.77,0.98,82.183,0.93,3.444340909717376,0.3883786753705655
Finland,2001,0.77,0.85,82.368,0.93,0.2669986365623961,0.38605405415548677
Finland,2002,0.77,0.98,82.503,0.93,-0.64874518517382,0.3873393093276753
Finland,2003,0.7,0.98,82.638,0.93,-0.34874241008632056,0.38549048752378284
Finland,2004,0.7,0.98,82.772,0.93,1.5809801950457807,0.3856536612086343
Finland,2005,0.7,0.98,82.905,0.93,0.3190288770728541,0.38400616123624914
Finland,2006,0.78,0.98,83.037,0.93,1.5192791168887012,0.40205650159815376
Finland,2007,0.68,0.98,83.168,0.93,2.7426502420498173,0.4029456312858046
Finland,2008,0.68,0.98,83.299,0.93,-1.7937493553676958,0.40520302770013417
Finland,2009,0.68,0.98,83.429,0.93,-10.622676278485168,0.4087043215644289
Finland,2010,0.68,0.98,83.77,0.93,0.6053307143513804,0.412512204545034
Finland,2011,0.73,0.85,84.313,0.93,-0.0362428732685794,0.4041924606661581
Finland,2012,0.71,1.0,84.841,0.93,-3.9752339100226273,0.4110882169488662
Finland,2013,0.71,1.0,85.125,0.93,-3.4668643577645337,0.4164481486132987
Finland,2014,0.71,0.89,85.175,0.93,-2.885752472169877,0.4166733706053797
Finland,2015,0.73,0.89,85.225,0.93,-1.89660289333621,0.32414307658262137
Finland,2016,0.73,0.89,85.275,0.93,0.406740673567991,0.32924710695972154
Finland,2017,0.73,1.0,85.325,0.93,0.8408996538377624,0.343141040697824
Finland,2018,0.67,0.89,85.382,0.93,-1.1039404424497572,0.32427234400696875
Finland,2019,0.69,0.87,85.446,0.93,-0.9963203682044562,0.3149945374968551
Finland,2020,0.69,0.89,85.517,0.93,-4.60470229869195,0.3263979734319969
Finland,2021,0.69,1.0,85.596,0.93,0.5156477371485939,0.3194207138437667
Finland,2022,0.69,1.0,85.681,0.93,-0.7513699833195597,0.27013303386877824
France,1990,0.76,0.98,74.056,0.976,0.32064388604922117,0.047274986848893405
France,1991,0.76,0.98,74.229,0.976,-1.9464605794748824,0.17563148205245047
France,1992,0.76,0.98,74.401,0.976,-1.0150180103155635,0.18282106758844183
France,1993,0.61,0.85,74.572,0.976,-3.169043652268919,0.16965756977426527
France,1994,0.61,0.85,74.743,0.976,-0.1332148335548835,0.18145833457395566
France,1995,0.72,0.85,74.912,0.976,-0.3735034195225415,0.16015043827074454
France,1996,0.72,0.85,75.082,0.976,-1.0578814257220008,0.17794651004646872
France,1997,0.59,0.85,75.25,0.976,-0.13748485110468872,0.17499515757036052
France,1998,0.59,0.75,75.417,0.976,1.0955498542482545,0.18460232166040838
France,1999,0.59,0.75,75.614,0.976,0.7790910526252182,0.18385540241034842
France,2000,0.59,0.75,75.871,0.976,1.1027791312693733,0.22925675574187332
France,2001,0.59,0.75,76.127,0.976,-0.8670726624498766,0.22694097481138148
France,2002,0.7,0.75,76.38,0.976,-1.708422546522198,0.10899528457274314
France,2003,0.7,0.75,76.632,0.976,-2.0002051069194797,0.10492224241315998
France,2004,0.7,0.75,76.883,0.976,-0.03298228188271501,0.11111471456400804
France,2005,0.7,0.75,77.13,0.976,-1.205929355193443,0.1087860648758615
France,2006,0.7,0.75,77.377,0.976,-0.36853017168895374,0.1057857776845397
France,2007,0.77,0.85,77.621,0.976,-0.3143707674468123,0.1224235119759525
France,2008,0.77,0.85,77.868,0.976,-2.4120876578830783,0.2818292371622067
France,2009,0.77,0.75,78.117,0.976,-5.480025260532153,0.2830524440271657
France,2010,0.77,0.75,78.369,0.976,-0.6613800502788507,0.28158332458511953
France,2011,0.77,0.71,78.622,0.976,-0.4090051145618088,0.2989702834527944
France,2012,0.71,0.74,78.878,0.976,-2.2807901085841573,0.3092207703849193
France,2013,0.71,0.74,79.135,0.976,-2.0514777047467048,0.31248416480864666
France,2014,0.71,0.74,79.394,0.976,-1.6250615662154417,0.31293460879280866
France,2015,0.71,0.74,79.655,0.976,-1.3555794775320358,0.31794637982137275
France,2016,0.71,0.74,79.917,0.976,-1.2805485458124646,0.29178247406136426
France,2017,0.68,0.74,80.18,0.976,-0.11460543702845566,0.2960935788297007
France,2018,0.68,0.74,80.444,0.976,-0.6090551162643271,0.26371108913539804
France,2019,0.68,0.74,80.709,0.976,-0.6137225058024807,0.24209599659869022
France,2020,0.68,0.69,80.975,0.976,-9.90061814903883,0.22248633718714675
France,2021,0.68,0.69,81.242,0.976,4.022132607960831,0.2383069945692484
France,2022,0.67,0.69,81.509,0.976,0.03314253245135476,0.19159708822223773
Germany,1990,0.73,0.98,73.118,0.0,2.2420355063839836,0.40189114103194934
Germany,1991,0.73,0.98,73.269,0.0,2.235603064268179,0.40267941800423296
Germany,1992,0.73,0.98,73.36,0.0,-0.9585730386750412,0.4039503265353329
Germany,1993,0.73,0.85,73.497,0.0,-3.735301696553989,0.400390648154876
Germany,1994,0.72,0.85,73.71,0.0,-0.07227218510925261,0.4109788627092574
Germany,1995,0.72,0.75,73.922,0.0,-0.8634983813240612,0.42175396097584594
Germany,1996,0.72,0.75,74.133,0.0,-1.59518651288836,0.42425550745481333
Germany,1997,0.72,0.75,74.342,0.0,-0.46627094814564474,0.42554479110006976
Germany,1998,0.75,0.75,74.551,0.0,-0.11110308151111187,0.4377027597943388
Germany,1999,0.75,0.75,74.758,0.0,-0.28815357192748425,0.4427804758850093
Germany,2000,0.75,0.75,74.965,0.0,0.6636418458990795,0.44942167901780133
Germany,2001,0.75,0.75,75.17,0.0,-0.5990152321657526,0.44755634207147144
Germany,2002,0.73,0.75,75.374,0.0,-2.4751918605007743,0.4466853554488503
Germany,2003,0.73,0.75,75.577,0.0,-2.8646501363853467,0.44686870806720635
Germany,2004,0.73,0.75,75.779,0.0,-0.912444233240984,0.44729846146636243
Germany,2005,0.72,0.75,75.98,0.0,-1.3206714425004937,0.4532759095907595
Germany,2006,0.72,0.75,76.179,0.0,1.8240246034871133,0.45731758021095764
Germany,2007,0.72,0.75,76.378,0.0,1.0046863109441688,0.4623333797125897
Germany,2008,0.72,0.75,76.575,0.0,-0.9575305826801211,0.4606390382784627
Germany,2009,0.64,0.75,76.771,0.0,-7.56412905809343,0.4652874937201385
Germany,2010,0.64,0.75,76.966,0.0,2.2300505877662093,0.4666521838297286
Germany,2011,0.64,0.8,77.16,0.0,3.7600742747459845,0.4683962152691952
Germany,2012,0.64,0.77,77.17,0.0,-1.8793909506541115,0.46245798416281275
Germany,2013,0.66,0.77,77.18,0.0,-1.94566076117427,0.42882370035077816
Germany,2014,0.66,0.74,77.19,0.0,-0.32518633264373376,0.4132571818521265
Germany,2015,0.66,0.74,77.2,0.0,-1.4924237327793377,0.41885649974607014
Germany,2016,0.66,0.74,77.224,0.0,-0.7014312575140961,0.4185894083802643
Germany,2017,0.69,0.74,77.261,0.0,0.1876671265365281,0.3834325538280982
Germany,2018,0.69,0.74,77.312,0.0,-1.4313063698054307,0.3263959475877905
Germany,2019,0.69,0.74,77.376,0.0,-1.2617322715909762,0.34175733197318914
Germany,2020,0.69,0.71,77.453,0.0,-6.014808856061597,0.29567386741182444
Germany,2021,0.69,0.74,77.544,0.0,1.0106519260690456,0.32703388870789635
Germany,2022,0.69,0.74,77.648,0.0,-1.0346377284055133,0.3184600440328157
Greece,1990,0.88,0.71,71.467,0.96,-3.1618300745521744,-0.5634008556704245
Greece,1991,0.88,0.71,71.635,0.96,-0.23976464159027788,-0.563894528573209
Greece,1992,0.88,0.75,71.757,0.96,-2.175895659417079,-0.5597593097389167
Greece,1993,0.86,0.75,71.878,0.96,-4.286705632166283,-0.5565810631695703
Greece,1994,0.86,0.71,71.998,0.96,-0.6189724054123832,-0.5544173643931293
Greece,1995,0.86,0.71,72.119,0.96,-0.4857160315297672,-0.5469399969063259
Greece,1996,0.84,0.75,72.239,0.96,0.3003052359204816,-0.2802452549255192
Greece,1997,0.84,0.75,72.358,0.96,1.860585853291405,-0.2797914105866727
Greece,1998,0.84,0.75,72.478,0.96,1.2112204493668786,-0.2813189145448809
Greece,1999,0.84,0.75,72.597,0.96,0.5686267301239194,-0.27965581698256486
Greece,2000,0.89,0.71,72.716,0.96,1.3860954925393678,-0.27324328288610894
Greece,2001,0.89,0.71,72.913,0.96,1.4821743428568348,-0.2681333881587835
Greece,2002,0.89,0.71,73.303,0.96,1.4331205805277665,-0.0002587475377458371
Greece,2003,0.89,0.71,73.689,0.96,3.432818846720664,0.0004169184384972102
Greece,2004,0.88,0.75,74.073,0.96,2.6918571069116215,4.3176736546490094e-05
Greece,2005,0.88,0.71,74.452,0.96,-1.804947182266554,0.004921953430063127
Greece,2006,0.88,0.75,74.827,0.96,3.226063201259583,0.002619114429892046
Greece,2007,0.8,0.71,75.199,0.96,0.9014325961835032,0.024380519708879046
Greece,2008,0.8,0.71,75.568,0.96,-2.708979385473633,0.025132860158039304
Greece,2009,0.79,0.75,75.932,0.96,-6.661705658023954,0.022411809099987794
Greece,2010,0.79,0.75,76.292,0.96,-7.709117818209308,0.007316709689550457
Greece,2011,0.79,0.71,76.649,0.96,-12.12586165122814,0.0034054870425033906
Greece,2012,0.69,0.71,77.004,0.96,-8.692484789296234,-0.28440129759490845
Greece,2013,0.69,0.65,77.355,0.96,-3.9161296436257125,-0.2942326475275818
Greece,2014,0.69,0.68,77.702,0.96,-0.9623291510095912,-0.28973518508882995
Greece,2015,0.7,0.68,78.046,0.96,-1.645891357401165,-0.3430576167457688
Greece,2016,0.7,0.68,78.387,0.96,-2.1819906525907107,-0.3407050590705806
Greece,2017,0.7,0.65,78.724,0.96,-0.8172907093450058,-0.3407236242703989
Greece,2018,0.7,0.74,79.058,0.96,-0.2346564142276113,-0.34846997400293694
Greece,2019,0.63,0.68,79.388,0.96,-0.12269495768142011,-0.34053362783359253
Greece,2020,0.63,0.68,79.715,0.96,-11.231173817963187,-0.3915013523766798
Greece,2021,0.63,0.68,80.038,0.96,7.597196878891172,-0.4172340773128369
Greece,2022,0.63,0.68,80.357,0.96,4.88815220603113,-0.4595187736092307
Hungary,1990,0.65,0.98,65.838,0.9,-4.854370518943218,-0.6466129950508434
Hungary,1991,0.65,0.98,65.713,0.9,-4.854345065850316,-0.6300306380559734
Hungary,1992,0.65,0.98,65.587,0.9,-5.136023155129114,-0.6255884468213486
Hungary,1993,0.65,0.85,65.461,0.9,-2.5724490745170607,-0.6288645186935624
Hungary,1994,0.69,0.98,65.335,0.9,0.9783826367001753,-0.6224354239608351
Hungary,1995,0.69,0.98,65.209,0.9,-0.4788973728940779,-0.35304337160417487
Hungary,1996,0.69,0.98,65.083,0.9,-1.8553408263410154,-0.3535532185617345
Hungary,1997,0.69,0.98,64.956,0.9,1.2413267359363611,-0.35407274731836463
Hungary,1998,0.59,0.98,64.829,0.9,2.032258007099942,-0.35697902049344815
Hungary,1999,0.59,0.98,64.702,0.9,1.253639863802787,-0.3625822671398848
Hungary,2000,0.59,0.8,64.575,0.9,2.6412189681443112,-0.3617371258715878
Hungary,2001,0.59,0.85,64.67,0.9,2.203327349890651,-0.354013485971464
Hungary,2002,0.71,0.98,65.081,0.9,2.9302484939487448,-0.08014974369197206
Hungary,2003,0.71,0.98,65.489,0.9,2.2630852702781725,-0.08829717626612406
Hungary,2004,0.71,0.98,65.896,0.9,3.127700040197605,-0.09254034245017538
Hungary,2005,0.71,0.98,66.365,0.9,2.392158199793309,-0.11414765250523702
Hungary,2006,0.69,0.98,66.895,0.9,1.9984440892079876,-0.10265565699336344
Hungary,2007,0.69,0.98,67.421,0.9,-1.6766788684692435,0.04525742078587835
Hungary,2008,0.69,0.98,67.943,0.9,-0.9285978332601634,0.04045018116438901
Hungary,2009,0.69,0.98,68.46,0.9,-8.562630186985537,0.04744230567951566
Hungary,2010,0.63,0.98,68.911,0.9,-0.8046844880785916,-0.20174007488069656
Hungary,2011,0.63,0.98,69.358,0.9,0.046241815927775966,-0.47919598840962685
Hungary,2012,0.63,0.81,69.678,0.9,-2.84858953329553,-0.5318658837404733
Hungary,2013,0.63,0.81,69.953,0.9,-0.026405749136661476,-0.5746084851745807
Hungary,2014,0.63,0.81,70.227,0.9,2.403715261398008,-0.6974537989791301
Hungary,2015,0.63,0.81,70.5,0.9,1.8446322859642703,-0.7355083910823144
Hungary,2016,0.63,0.81,70.779,0.9,0.39340065324737417,-0.752704595561878
Hungary,2017,0.63,0.81,71.062,0.9,2.439908201517669,-0.7976856815179224
Hungary,2018,0.71,0.74,71.351,0.9,3.3863688823620937,-0.908263189803403
Hungary,2019,0.71,0.77,71.644,0.9,2.8021264527087077,-0.9091950988688501
Hungary,2020,0.71,0.74,71.942,0.9,-6.43956225859092,-0.9353569982520638
Hungary,2021,0.71,0.74,72.245,0.9,5.420154464366264,-0.9588289638558565
Hungary,2022,0.71,0.74,72.552,0.9,3.1696775386751206,-0.9742754648469564
Iceland,1990,0.72,0.98,90.75,1.0,1.974047840424305,0.11636051811590911
Iceland,1991,0.89,0.98,90.932,1.0,1.974047247028413,0.11927438969131345
Iceland,1992,0.89,0.98,91.112,1.0,1.9740475978354066,0.14020714781885754
Iceland,1993,0.89,0.98,91.287,1.0,1.974047046578985,0.14235193323714662
Iceland,1994,0.89,0.98,91.46,1.0,1.9740484255234767,0.1539702060768944
Iceland,1995,0.88,0.98,91.63,1.0,1.9740462708356012,0.1582074829860701
Iceland,1996,0.87,0.98,91.797,1.0,1.8944068441388933,0.1591537690502828
Iceland,1997,0.87,0.98,91.96,1.0,2.799009416875062,0.1609170771636274
Iceland,1998,0.87,0.98,92.121,1.0,4.109568301946411,0.16276941578908638
Iceland,1999,0.86,0.98,92.267,1.0,0.6748154025910665,0.16764386376427876
Iceland,2000,0.86,0.98,92.401,1.0,1.4477352623247328,0.1808504092621349
Iceland,2001,0.86,0.98,92.532,1.0,0.5303679155029362,0.18286592157244522
Iceland,2002,0.86,0.98,92.662,1.0,-2.443696949670913,0.18304058087571543
Iceland,2003,0.89,0.98,92.789,1.0,-0.6718358794005106,0.1870683521111525
Iceland,2004,0.63,0.98,92.914,1.0,4.750442000365979,0.18242038941963815
Iceland,2005,0.63,0.85,93.037,1.0,2.3481773300458073,0.18827568342202294
Iceland,2006,0.63,0.85,93.159,1.0,1.7407143973504695,0.1939838110118364
Iceland,2007,0.85,0.85,93.278,1.0,3.6356842208420574,0.20880327106372168
Iceland,2008,0.85,0.98,93.395,1.0,-1.7832826769861183,0.2196845773747948
Iceland,2009,0.85,0.98,93.511,1.0,-10.08806409313873,0.2349924144548957
Iceland,2010,0.85,0.98,93.574,1.0,-4.802569673557736,0.24790810584811743
Iceland,2011,0.85,0.98,93.587,1.0,-0.5745751341642886,0.2411623747278633
Iceland,2012,0.69,1.0,93.6,1.0,-1.5824137896499386,0.2574997433166415
Iceland,2013,0.8,1.0,93.633,1.0,1.4584824715529137,0.20071325805476678
Iceland,2014,0.8,1.0,93.667,1.0,-1.5474827312779567,0.19399969885226678
Iceland,2015,0.8,0.89,93.7,1.0,1.244449550565902,0.20347532158242454
Iceland,2016,0.73,0.89,93.735,1.0,2.7285948059193466,0.18621859745777408
Iceland,2017,0.78,1.0,93.773,1.0,-0.3302820083653263,0.1768920368047168
Iceland,2018,0.78,0.89,93.813,1.0,0.007678905824557693,0.21809752132540253
Iceland,2019,0.78,1.0,93.855,1.0,-2.4639260832027676,0.17146807595478938
Iceland,2020,0.63,1.0,93.898,1.0,-10.819167203102332,0.2163389505067408
Iceland,2021,0.76,1.0,93.944,1.0,0.6987879822854478,0.1572426693324991
Iceland,2022,0.76,1.0,93.992,1.0,2.4662437619533883,0.1202071451789259
Ireland,1990,0.71,0.85,56.929,1.0,6.265345498516902,0.12227603641828215
Ireland,1991,0.71,0.98,57.073,1.0,-0.7643305730420833,0.13055605707623463
Ireland,1992,0.74,0.85,57.293,1.0,0.5309890881281866,0.14468348787031235
Ireland,1993,0.74,0.98,57.512,1.0,0.0709605600234862,0.14724807008107452
Ireland,1994,0.74,0.98,57.731,1.0,3.230157010991636,0.15725624703987914
Ireland,1995,0.74,0.98,57.949,1.0,6.964153218447901,0.15743090634314919
Ireland,1996,0.74,0.98,58.173,1.0,4.423661650304705,0.16655693290402016
Ireland,1997,0.47,0.98,58.419,1.0,7.804353192484438,0.17974018866918717
Ireland,1998,0.47,0.98,58.664,1.0,5.527905734237112,0.18545385501300213
Ireland,1999,0.47,0.98,58.91,1.0,7.181276435231687,0.18590429899716418
Ireland,2000,0.47,0.98,59.155,1.0,5.845219662606976,0.1804910759530101
Ireland,2001,0.47,0.98,59.399,1.0,1.5328806938381334,0.18200558159034763
Ireland,2002,0.67,0.98,59.649,1.0,2.0201609372039466,0.18725986113457171
Ireland,2003,0.67,0.98,59.925,1.0,-0.7601949814289911,0.18972178895597624
Ireland,2004,0.67,0.98,60.202,1.0,2.743886999979707,0.19157412758143527
Ireland,2005,0.67,0.98,60.477,1.0,1.351372819850606,0.19274024694384628
Ireland,2006,0.67,0.98,60.738,1.0,0.08563835969834609,0.19667129420729693
Ireland,2007,0.69,0.85,60.94,1.0,0.19968396770496574,0.21127408226842406
Ireland,2008,0.69,0.85,61.141,1.0,-8.52123104398844,0.21447890558380725
Ireland,2009,0.69,0.98,61.342,1.0,-8.164426318598215,0.21594802502585328
Ireland,2010,0.69,0.98,61.542,1.0,-0.9791850617849792,0.21829734185121738
Ireland,2011,0.5,0.98,61.742,1.0,-1.269545448827623,0.2189913604985329
Ireland,2012,0.5,1.0,61.942,1.0,-2.66159721278919,0.22221290863037335
Ireland,2013,0.5,1.0,62.141,1.0,-1.4663114742188916,0.21371405343785585
Ireland,2014,0.5,1.0,62.34,1.0,5.926774432428215,0.2220919024217371
Ireland,2015,0.5,1.0,62.538,1.0,21.19511639278745,0.2308962660869745
Ireland,2016,0.57,0.89,62.737,1.0,-1.4862986752903038,0.22767063361584136
Ireland,2017,0.57,1.0,62.947,1.0,6.018090170317101,0.23937891400274058
Ireland,2018,0.38,0.89,63.17,1.0,5.025200407471664,0.2398844203145952
Ireland,2019,0.38,1.0,63.405,1.0,1.757889440810763,0.2397932711757076
Ireland,2020,0.56,0.89,63.653,1.0,3.4160512068140534,0.2362213157434337
Ireland,2021,0.56,1.0,63.912,1.0,11.922716666658182,0.24262580232772676
Ireland,2022,0.56,1.0,64.183,1.0,5.317089927443106,0.24120660675124764
Israel,1990,0.83,0.85,90.359,0.31,0.9501906174466869,-0.34014035875537507
Israel,1991,0.83,0.98,90.463,0.31,0.9501908143103305,-0.20784124613045332
Israel,1992,0.82,0.85,90.565,0.31,0.9501672171771672,-0.20363303094813903
Israel,1993,0.82,0.81,90.666,0.31,0.9501912080376176,-0.20130136418932992
Israel,1994,0.82,0.85,90.767,0.31,0.9501914049012611,-0.19674530363173498
Israel,1995,0.82,0.81,90.866,0.31,0.9501916017649048,-0.158684371016921
Israel,1996,0.85,0.85,90.943,0.31,1.0832715611775834,-0.15367638150702695
Israel,1997,0.85,0.81,91.009,0.31,-0.8798710405952507,-0.15631762266258642
Israel,1998,0.85,0.85,91.074,0.31,-0.34776532141113586,-0.4191702847613289
Israel,1999,0.85,0.81,91.139,0.31,-1.376872541161121,-0.41540960489169776
Israel,2000,0.85,0.85,91.203,0.31,3.728446392834518,-0.41428171998819435
Israel,2001,0.69,0.81,91.267,0.31,-4.112605409361628,-0.4044776422546295
Israel,2002,0.69,0.85,91.33,0.31,-4.215192035134348,-0.13872709646687495
Israel,2003,0.76,0.85,91.393,0.31,-2.5296853740270615,-0.1389606507420718
Israel,2004,0.76,0.81,91.456,0.31,0.8392031641798616,-0.1378965890888964
Israel,2005,0.76,0.81,91.518,0.31,0.20504391351772017,-0.1368830901245318
Israel,2006,0.71,0.81,91.58,0.31,1.623246218491874,-0.1438817211752823
Israel,2007,0.71,0.81,91.641,0.31,2.0572556122140613,-0.14308688189831392
Israel,2008,0.71,0.81,91.702,0.31,-0.6762981407183284,-0.4087455072750341
Israel,2009,0.7,0.81,91.763,0.31,-3.6089209574829213,-0.14188513591148313
Israel,2010,0.7,0.81,91.826,0.31,1.6464169886173106,-0.15065577575150602
Israel,2011,0.7,0.85,91.892,0.31,1.5188767278602784,-0.15235011718563304
Israel,2012,0.7,0.77,91.96,0.31,-1.3982232412008158,-0.4192843461857611
Israel,2013,0.73,0.8,92.031,0.31,0.37577236889285015,-0.429915364622405
Israel,2014,0.73,0.8,92.104,0.31,-0.1659847086458001,-0.4250405605799098
Israel,2015,0.76,0.77,92.179,0.31,-1.6340956959124513,-0.17038231425798145
Israel,2016,0.76,0.8,92.256,0.31,0.38327113956559555,-0.1769343418048001
Israel,2017,0.76,0.8,92.336,0.31,0.16509002959296637,-0.20494405730342716
Israel,2018,0.76,0.77,92.418,0.31,-0.024868818189333404,-0.19749450697649634
Israel,2019,0.77,0.8,92.501,0.31,0.07733434128711117,-0.2348935590798398
Israel,2020,0.78,0.77,92.587,0.31,-5.6823687193192995,-0.19145617163076845
Israel,2021,0.74,0.8,92.674,0.31,4.691170632826369,-0.17194998360580624
Israel,2022,0.78,0.8,92.763,0.3099999999999999,2.6433019015000783,-0.14779107660119736
Italy,1990,0.95,0.98,66.726,0.935,-0.20917748145044635,-0.10514648303825203
Italy,1991,0.95,0.98,66.706,0.935,-0.6414429736281573,-0.09079386874401026
Italy,1992,0.93,0.98,66.742,0.935,-1.3438041194619152,-0.06471960742778964
Italy,1993,0.93,0.98,66.802,0.935,-3.0230086290011426,-0.05009301552097771
Italy,1994,0.91,0.98,66.862,0.935,0.020612847498294874,-0.08761672802691452
Italy,1995,0.91,0.98,66.922,0.935,0.7756130549848652,-0.07996548009365567
Italy,1996,0.88,0.98,66.982,0.935,-0.8712511043232131,-0.060793360541361426
Italy,1997,0.88,0.98,67.042,0.935,-0.3332250061666069,-0.03736267266146558
Italy,1998,0.88,0.98,67.102,0.935,-0.32824502552766954,-0.03873103140789034
Italy,1999,0.88,0.98,67.162,0.935,-0.5009311990819802,-0.0375543587586744
Italy,2000,0.88,0.98,67.222,0.935,1.6303885527094115,-0.03805966924169538
Italy,2001,0.85,0.98,67.282,0.935,-0.21542592524497944,-0.0583208037410016
Italy,2002,0.85,0.98,67.382,0.935,-2.004793986290549,-0.0696340335510424
Italy,2003,0.85,0.98,67.501,0.935,-2.415044758100872,-0.3325198456404206
Italy,2004,0.85,0.98,67.62,0.935,-1.3402032064393832,-0.3301705288150566
Italy,2005,0.85,0.85,67.738,0.935,-1.7858773757694795,-0.3284972389979056
Italy,2006,0.82,0.75,67.856,0.935,-0.6243751372942752,-0.025448425595637248
Italy,2007,0.82,0.75,67.974,0.935,-1.1336080810604878,0.002619978252892674
Italy,2008,0.79,0.75,68.092,0.935,-3.725489554163928,-0.31113607968737894
Italy,2009,0.79,0.75,68.209,0.935,-7.821050555679988,-0.3200236963238527
Italy,2010,0.79,0.75,68.327,0.935,-0.7086244221683704,-0.31270080920681487
Italy,2011,0.79,0.98,68.444,0.935,-1.5752414422856573,-0.29056557413985745
Italy,2012,0.79,1.0,68.684,0.935,-5.351574597044778,-0.27542117008275735
Italy,2013,0.68,1.0,68.979,0.935,-5.081912761485361,-0.23812728430048863
Italy,2014,0.68,0.81,69.272,0.935,-3.0273289424633374,-0.23612702264528196
Italy,2015,0.68,0.81,69.565,0.935,-1.234025510252231,-0.23039631351977521
Italy,2016,0.68,0.81,69.855,0.935,-0.6438089517399203,-0.22213003023744435
Italy,2017,0.68,0.81,70.144,0.935,-0.28916187656133396,-0.2457951506079232
Italy,2018,0.65,0.81,70.438,0.935,-0.9916738802876914,-0.23864186086912098
Italy,2019,0.65,0.81,70.736,0.935,-0.46098354175675466,-0.25372162317284963
Italy,2020,0.65,0.78,71.039,0.935,-10.63919700769107,-0.2251347519519058
Italy,2021,0.65,0.81,71.346,0.935,6.764180849586594,-0.220061876231061
Italy,2022,0.55,0.81,71.657,0.935,1.9542737335892268,-0.21992919474653458
Japan,1990,0.75,0.98,77.339,0.973,2.38416165996116,-0.0007098037408229357
Japan,1991,0.75,0.98,77.473,0.973,1.007978909989796,0.00017103701218781523
Japan,1992,0.75,0.98,77.61,0.973,-1.5828214772115454,0.0035403263090501335
Japan,1993,0.66,0.98,77.746,0.973,-2.8909326464961045,0.13509331147791837
Japan,1994,0.66,0.98,77.881,0.973,-1.3079934252999403,0.1393106657782574
Japan,1995,0.44,0.98,78.016,0.973,0.2809808173455161,0.14156806219258705
Japan,1996,0.6,0.98,78.145,0.973,0.7906186559046119,0.1417548151656277
Japan,1997,0.6,0.98,78.272,0.9798,-1.3686163233583042,0.14213614413479703
Japan,1998,0.6,0.98,78.398,0.9798,-3.6477594727742324,0.14478975805341038
Japan,1999,0.6,0.98,78.523,0.9798,-2.625248117097643,0.019591547232507046
Japan,2000,0.58,0.98,78.649,0.9798,0.4833970106336506,0.02387481142582827
Japan,2001,0.58,0.98,79.99,0.9798,-1.964963004543378,0.03028256192962787
Japan,2002,0.58,0.98,81.647,0.9798,-2.2998517613203417,0.030620394917749396
Japan,2003,0.59,0.98,83.196,0.9798,-0.7913592325535298,0.1568183922855209
Japan,2004,0.59,0.98,84.64,0.9798,0.042284900912528116,0.15710553086664017
Japan,2005,0.66,0.98,85.978,0.9798,-0.3150965739374894,0.1830509852544047
Japan,2006,0.66,0.98,87.118,0.9798,-0.801307276884243,0.18213320357660787
Japan,2007,0.66,0.98,88.146,0.9798,-0.7420099287552482,0.18439059999093746
Japan,2008,0.66,0.98,89.103,0.9798,-3.381552436869958,0.1821602158534796
Japan,2009,0.69,0.98,89.989,0.9798,-7.790912200595631,0.18319540525806433
Japan,2010,0.69,0.98,90.812,0.9808,1.9697579487486376,0.18383386670260063
Japan,2011,0.69,0.85,91.069,0.9808,-1.9002132286627542,0.1871719868820439
Japan,2012,0.59,0.84,91.148,0.9808,-0.5726799501454075,0.18858899211107005
Japan,2013,0.59,1.0,91.226,0.9808,0.0429060300035348,0.1529708256583754
Japan,2014,0.51,1.0,91.304,0.9808,-1.6800823588006495,0.1529033783154256
Japan,2015,0.51,1.0,91.381,0.9808,-0.4409980310314985,0.15012541850027838
Japan,2016,0.51,1.0,91.457,0.979,-1.304100461612802,0.15023802949631898
Japan,2017,0.51,0.89,91.535,0.979,-0.3508535110446782,0.15246332375707725
Japan,2018,0.51,1.0,91.616,0.979,-1.338295483667433,0.15525658538573456
Japan,2019,0.51,1.0,91.698,0.979,-2.3716334144301903,0.15721371437561946
Japan,2020,0.51,0.89,91.782,0.979,-5.974167351857363,0.1345605156359937
Japan,2021,0.55,1.0,91.867,0.979,0.922663677019043,0.12814606231323505
Japan,2022,0.55,1.0,91.955,0.9782410108459773,-0.7056424341166598,0.13319956131567906
South Korea,1990,0.74,0.98,73.844,1.0,6.690670585333144,-0.8581369399745458
South Korea,1991,0.74,0.98,74.972,1.0,7.5772713976964265,-0.8536309874304733
South Korea,1992,0.85,0.98,75.82,1.0,2.991014450280741,-0.8270195560502254
South Korea,1993,0.85,0.98,76.645,1.0,3.6875124062188203,-0.4650722497751097
South Korea,1994,0.85,0.98,77.452,1.0,6.064982907594675,-0.4561635702184928
South Korea,1995,0.85,0.98,78.239,1.0,6.4073667549173585,-0.45503746025808783
South Korea,1996,0.65,0.98,78.662,1.0,4.757867585751273,-0.43431295214603866
South Korea,1997,0.93,0.98,78.905,1.0,3.069862511862873,-0.38255099972756484
South Korea,1998,0.93,0.98,79.145,1.0,-7.921560344673299,-0.2765390587981163
South Korea,1999,0.93,0.98,79.384,1.0,8.567704356139519,-0.2521895562403424
South Korea,2000,0.55,0.98,79.621,1.0,6.042964688705687,-0.20961854854736695
South Korea,2001,0.55,0.98,79.94,1.0,1.9413116033463547,-0.20516097722320314
South Korea,2002,0.71,0.98,80.299,1.0,4.994650951675874,0.07413636864236679
South Korea,2003,0.71,0.98,80.652,1.0,0.5043725213365476,0.08017190840070072
South Korea,2004,0.59,0.98,81.002,1.0,2.6716319576009817,0.08053861363741302
South Korea,2005,0.59,0.98,81.345,1.0,1.9780074784135067,0.08075197007776545
South Korea,2006,0.59,0.98,81.528,1.0,2.6033267545643644,0.08176733920497985
South Korea,2007,0.64,0.98,81.631,1.0,3.1567475874504938,0.08500419282414869
South Korea,2008,0.46,0.98,81.733,1.0,0.12418247846616148,-0.06879313089646477
South Korea,2009,0.46,0.98,81.835,1.0,-1.8343257128829509,-0.07300539389226918
South Korea,2010,0.46,0.85,81.936,1.0,4.164449282264718,-0.3280002917963899
South Korea,2011,0.46,0.98,81.923,1.0,0.7818363330949273,-0.32540506239393874
South Korea,2012,0.79,0.86,81.851,1.0,-0.24398231856832076,-0.3632056491699425
South Korea,2013,0.79,0.86,81.779,1.0,0.5865571357494369,-0.2884501010410747
South Korea,2014,0.79,0.81,81.707,1.0,0.44663080553866524,-0.29198914178249
South Korea,2015,0.79,0.81,81.634,1.0,0.15879617951513292,-0.30119484425071746
South Korea,2016,0.6,0.81,81.562,1.0,0.42958348035631566,-0.25830181584834216
South Korea,2017,0.78,0.87,81.503,1.0,0.7606542631068168,-0.05292489948447231
South Korea,2018,0.78,0.89,81.459,1.0,0.3527130576423608,0.22011606661848152
South Korea,2019,0.78,0.97,81.43,1.0,-0.22060872550785118,0.2025649952981711
South Korea,2020,0.66,0.89,81.414,1.0,-2.9557228026504405,0.19084175418946578
South Korea,2021,0.66,0.89,81.414,1.0,2.3793909717347472,0.20092978379459273
South Korea,2022,0.77,0.89,81.427,1.0,0.7350905592551188,0.07548970756249566
Latvia,1991,0.81,0.77,69.201,0.586,1.6795493344101275,-0.5965044736390738
Latvia,1992,0.81,0.98,68.852,0.586,1.6795482040529612,-0.2811591693692101
Latvia,1993,0.57,0.98,68.799,0.586,1.6795470736957945,-0.21290787463861802
Latvia,1994,0.57,0.98,68.901,0.586,1.6794788682506117,-0.1822739463550679
Latvia,1995,0.5,0.75,68.75,0.586,1.6794895769722857,-0.45622854017496856
Latvia,1996,0.5,0.75,68.65,0.586,1.6405180487135458,-0.43967100396997466
Latvia,1997,0.5,0.75,68.6,0.586,7.817626785627925,-0.4201301874605749
Latvia,1998,0.51,0.8,68.451,0.586,5.233801092790742,-0.4205584604100625
Latvia,1999,0.51,0.8,68.22,0.586,1.4864496128598,-0.14764589390832145
Latvia,2000,0.51,0.8,68.067,0.586,4.589773475901422,-0.133950876743955
Latvia,2001,0.51,0.75,67.95,0.586,5.5960240701147175,-0.12944492419988265
Latvia,2002,0.54,0.8,67.85,0.586,6.2300498999307745,-0.12454490014256824
Latvia,2003,0.54,0.8,67.8,0.586,7.366223422288329,-0.10260395647008883
Latvia,2004,0.54,0.8,67.9,0.586,7.362818701966904,-0.09486492095383033
Latvia,2005,0.54,0.75,68.0,0.586,9.813773474669786,-0.10513121046379925
Latvia,2006,0.49,0.75,67.967,0.586,10.894103891719888,-0.13015622955914904
Latvia,2007,0.49,0.75,67.9,0.586,8.733424144592647,-0.13000586111603618
Latvia,2008,0.49,0.75,67.834,0.586,-4.3364570022202935,-0.12789795185884598
Latvia,2009,0.49,0.75,67.814,0.586,-14.94230718438357,-0.11121340000190635
Latvia,2010,0.52,0.75,67.841,0.586,-4.555720989420395,-0.08361443966669761
Latvia,2011,0.52,0.98,67.869,0.586,2.348847796938795,-0.06092253702061516
Latvia,2012,0.52,1.0,67.897,0.586,6.268611100286728,-0.052478691441303606
Latvia,2013,0.52,1.0,67.925,0.586,0.9967958321575907,-0.06028958063219305
Latvia,2014,0.51,0.89,67.952,0.586,0.756766234672882,-0.03937930424812999
Latvia,2015,0.51,0.81,67.98,0.586,2.6296136672706587,-0.03282510713300632
Latvia,2016,0.51,0.89,68.021,0.586,1.1988446712494463,-0.05863029863110274
Latvia,2017,0.51,0.89,68.075,0.586,2.1225585772138937,-0.08688171485817686
Latvia,2018,0.53,0.89,68.142,0.586,2.6943550049692715,-0.02833342960576763
Latvia,2019,0.53,1.0,68.222,0.586,-0.8202980492247802,-0.015029773730653296
Latvia,2020,0.53,1.0,68.315,0.586,-4.944409035712301,-0.09048691399910848
Latvia,2021,0.53,0.89,68.421,0.586,5.5260324589492456,-0.07754867491640981
Latvia,2022,0.6,0.89,68.54,0.586,1.5297723394942582,-0.08874393335028863
Lithuania,1991,0.762317193715262,0.95,67.523,0.766,3.910799486065368,-0.6306574229524984
Lithuania,1992,0.7,0.98,67.464,0.766,3.910802963089667,-0.6148748672843047
Lithuania,1993,0.73,0.98,67.404,0.766,3.910806440113966,-0.5627489228859233
Lithuania,1994,0.73,0.85,67.345,0.766,3.910868472408817,-0.5299558796747424
Lithuania,1995,0.73,0.98,67.285,0.766,3.9108464119860122,-0.2633664942258938
Lithuania,1996,0.49,0.75,67.225,0.766,3.8514935350504333,-0.27474050034287034
Lithuania,1997,0.49,0.75,67.166,0.766,7.003417427108513,0.008995995758805735
Lithuania,1998,0.7,0.75,67.106,0.766,6.147563022179706,0.00680503017706434
Lithuania,1999,0.7,0.8,67.046,0.766,-2.5473040333914674,0.002511301304202148
Lithuania,2000,0.5,0.75,66.986,0.766,2.3178857876836023,0.006398071729165149
Lithuania,2001,0.5,0.75,66.919,0.842,5.297931017134286,0.018439488774769235
Lithuania,2002,0.5,0.98,66.828,0.842,5.502225626315668,0.020281274113423262
Lithuania,2003,0.5,0.75,66.737,0.842,9.358112193467878,0.01433656913624651
Lithuania,2004,0.48,0.8,66.646,0.842,5.663449842648003,0.008713691019983273
Lithuania,2005,0.48,0.75,66.635,0.842,7.391496533427048,0.02789636688542442
Lithuania,2006,0.48,0.8,66.706,0.842,7.03303728500978,0.029745609560212938
Lithuania,2007,0.48,0.8,66.777,0.842,10.325701869617852,0.030800977898302363
Lithuania,2008,0.45,0.8,66.848,0.842,1.5657081412875946,0.049364746469634346
Lithuania,2009,0.47,0.8,66.842,0.842,-15.997262088474862,0.055252722197687475
Lithuania,2010,0.47,0.8,66.757,0.842,1.6957403526078338,0.07042603691849815
Lithuania,2011,0.47,0.85,66.741,0.842,6.351525639181231,0.0750910063068747
Lithuania,2012,0.55,1.0,66.864,0.842,3.136461931947023,0.05583934343725974
Lithuania,2013,0.55,1.0,66.986,0.842,2.4938011430081244,0.15827477933692513
Lithuania,2014,0.42,0.89,67.108,0.842,2.321615692609791,0.17814171898809408
Lithuania,2015,0.42,1.0,67.23,0.842,0.8793935041653828,0.21694584162495018
Lithuania,2016,0.54,1.0,67.366,0.842,1.7203175059651918,0.17419929573703413
Lithuania,2017,0.54,1.0,67.516,0.842,3.6415363746606055,0.1324037112967392
Lithuania,2018,0.54,0.89,67.679,0.842,2.8808378542711237,0.15794622209685288
Lithuania,2019,0.63,1.0,67.855,0.842,2.8335873948169277,0.17648470904498628
Lithuania,2020,0.52,1.0,68.046,0.842,-2.1608715003103773,0.11648171977027333
Lithuania,2021,0.52,1.0,68.249,0.842,3.9492638491173384,0.1246285616314867
Lithuania,2022,0.52,1.0,68.465,0.842,-0.7834083912532375,0.12173620534973094
Luxembourg,1990,0.64,0.98,80.947,0.533,1.9002741129063148,0.20343978553803016
Luxembourg,1991,0.64,0.98,81.13,0.533,5.088773005734712,0.20528809569042133
Luxembourg,1992,0.64,0.98,81.528,0.533,-1.6334558842756046,0.2063521573435968
Luxembourg,1993,0.64,0.98,81.857,0.533,0.7016845029779113,0.20582393527188075
Luxembourg,1994,0.6,0.98,82.482,0.533,0.3070757874210016,0.21108500398090718
Luxembourg,1995,0.6,0.98,82.893,0.533,-2.0922349667005835,0.21397203680649565
Luxembourg,1996,0.6,0.98,82.825,0.533,-2.0822844367908844,0.21464770278273868
Luxembourg,1997,0.6,0.98,82.779,0.533,1.9971153631129348,0.21938771760347903
Luxembourg,1998,0.6,0.98,82.893,0.533,3.246292613795797,0.22307305767355515
Luxembourg,1999,0.56,0.98,83.448,0.533,4.614419200965813,0.22372169826697522
Luxembourg,2000,0.56,0.98,84.216,0.533,3.400921843654162,0.2265221024461941
Luxembourg,2001,0.56,0.85,84.843,0.533,-0.254967900747718,0.22685993543431562
Luxembourg,2002,0.56,0.98,85.299,0.533,0.040065928936337675,0.22825780160254475
Luxembourg,2003,0.56,0.98,85.743,0.533,-0.7296504100801633,0.22837041259858523
Luxembourg,2004,0.56,0.98,86.177,0.533,0.6513862749914046,0.2279166939014872
Luxembourg,2005,0.56,0.85,86.598,0.533,-1.1827283088909708,0.2281087398349294
Luxembourg,2006,0.56,0.98,87.009,0.533,2.229564806522085,0.23300789986745316
Luxembourg,2007,0.56,0.98,87.409,0.533,4.332525719949961,0.23180401181949403
Luxembourg,2008,0.56,0.98,87.8,0.533,-4.175983750842261,0.2359360568031886
Luxembourg,2009,0.53,0.98,88.178,0.533,-7.123819697722369,0.2473297449375479
Luxembourg,2010,0.53,0.98,88.547,0.533,-0.22602877499819576,0.24933847059406197
Luxembourg,2011,0.53,0.98,88.906,0.533,-3.286372835893021,0.25757977927909675
Luxembourg,2012,0.53,1.0,89.249,0.533,-2.871714573831911,0.26256766539154375
Luxembourg,2013,0.54,1.0,89.574,0.533,-1.2949143685384643,0.263698440193967
Luxembourg,2014,0.54,1.0,89.884,0.533,-1.8770035923865531,0.2584122627779797
Luxembourg,2015,0.54,1.0,90.179,0.533,-2.2250813799422544,0.25694831982945304
Luxembourg,2016,0.54,1.0,90.46,0.533,0.6302110158733174,0.2558170333755285
Luxembourg,2017,0.54,0.89,90.727,0.533,-3.2256572303062554,0.2492700661246207
Luxembourg,2018,0.47,0.87,90.981,0.533,-2.823879900607666,0.24894471861013193
Luxembourg,2019,0.47,0.89,91.223,0.533,-1.194091235179116,0.2579542570521371
Luxembourg,2020,0.47,0.89,91.453,0.533,-4.65689928398425,0.24770346352275105
Luxembourg,2021,0.47,0.89,91.672,0.533,3.443936952683729,0.25624073582218265
Luxembourg,2022,0.47,0.89,91.881,0.533,-2.75345558645246,0.2581439124734327
Mexico,1990,0.41,0.61,71.419,0.801,1.2260749783658038,-1.452207997633922
Mexico,1991,0.49,0.61,71.816,0.801,-0.16809982219343655,-1.4317860299112666
Mexico,1992,0.49,0.68,72.209,0.801,-0.540944695684092,-1.410531938668669
Mexico,1993,0.49,0.75,72.598,0.801,-1.2073284745825845,-1.4026953241082605
Mexico,1994,0.66,0.75,72.985,0.801,0.31560890350539267,-1.3403440805385418
Mexico,1995,0.66,0.71,73.368,0.801,-9.75043813981605,-1.3232745848466803
Mexico,1996,0.66,0.75,73.67,0.801,2.2337819756038977,-1.3044464964284916
Mexico,1997,0.54,0.71,73.929,0.801,3.252998430822997,-1.2111628533865177
Mexico,1998,0.54,0.75,74.186,0.801,2.300826536097602,-1.189547946456175
Mexico,1999,0.54,0.75,74.441,0.801,-1.0261493662773669,-1.1882086692532385
Mexico,2000,0.59,0.75,74.722,0.801,1.2689731737941583,-0.9665726600556013
Mexico,2001,0.59,0.75,75.045,0.801,-4.083256562581752,-0.958847082055926
Mexico,2002,0.59,0.71,75.365,0.801,-3.8511686745678633,-0.951733670487485
Mexico,2003,0.42,0.71,75.682,0.801,-2.4175252677159507,-0.9252223286582053
Mexico,2004,0.42,0.71,75.997,0.801,-0.054634009521441075,-1.0507784925253731
Mexico,2005,0.42,0.71,76.308,0.801,-1.4452456900704198,-1.0503280485412108
Mexico,2006,0.63,0.75,76.616,0.801,1.2795918974317684,-1.0960034039172648
Mexico,2007,0.63,0.75,76.92,0.801,-1.3660515875518293,-1.0962132009096524
Mexico,2008,0.63,0.75,77.222,0.801,-2.437188669160995,-1.1032751797393598
Mexico,2009,0.63,0.75,77.52,0.801,-9.556105666188465,-1.1010269709733853
Mexico,2010,0.63,0.71,77.815,0.801,1.47887255302692,-1.3634518921975909
Mexico,2011,0.63,0.75,78.111,0.801,-0.1313892260631916,-1.3655531396115248
Mexico,2012,0.64,0.81,78.405,0.801,0.007915342813330933,-1.3682868067431955
Mexico,2013,0.64,0.81,78.699,0.801,-2.5766803760998505,-1.385963496181773
Mexico,2014,0.64,0.81,78.993,0.801,-0.8700337235191845,-1.3662673953691475
Mexico,2015,0.48,0.81,79.285,0.801,-0.5983766226924572,-1.1130592658959635
Mexico,2016,0.48,0.78,79.577,0.801,-1.483444538201294,-1.1150629612107201
Mexico,2017,0.48,0.78,79.867,0.801,-1.3321058288349992,-1.1265137787600414
Mexico,2018,0.66,0.78,80.156,0.801,-1.1028549161605041,-1.0780499573766016
Mexico,2019,0.66,0.86,80.444,0.801,-3.241448621091262,-1.0953262968481219
Mexico,2020,0.66,0.81,80.731,0.801,-11.42257285929823,-1.1165260602195441
Mexico,2021,0.54,0.89,81.016,0.801,3.1383179924102316,-1.1665848324861605
Mexico,2022,0.54,0.89,81.3,0.8009999999999999,1.1380485368036746,-1.1972290204835494
Netherlands,1990,0.78,0.98,68.684,0.95,1.3585785249881699,0.23409042057520907
Netherlands,1991,0.78,0.98,69.329,0.95,-0.4746507289818377,0.23323491880217634
Netherlands,1992,0.78,0.98,70.223,0.95,-1.1696904520266007,0.23383798318438484
Netherlands,1993,0.78,0.98,71.1,0.95,-1.5554473099968542,0.2363165731177276
Netherlands,1994,0.75,0.98,71.962,0.95,0.2324841899201908,0.24097636601258463
Netherlands,1995,0.75,0.98,72.809,0.95,0.49830305809190134,0.2442344686716472
Netherlands,1996,0.75,0.98,73.64,0.95,0.9126424811791968,0.24551972384383583
Netherlands,1997,0.75,0.98,74.453,0.95,1.683719159254242,0.24678013524050146
Netherlands,1998,0.7,0.98,75.25,0.95,1.910826752412689,0.229375304860628
Netherlands,1999,0.7,0.98,76.03,0.95,2.2277075227821204,0.23267662547138107
Netherlands,2000,0.7,0.98,76.795,0.95,1.3438639447199112,0.25144204543044113
Netherlands,2001,0.7,0.85,77.83,0.95,-0.5521873885163647,0.25155465642648167
Netherlands,2002,0.77,0.85,79.113,0.95,-2.530015133149244,0.23036235764904497
Netherlands,2003,0.78,0.98,80.341,0.95,-2.4254248169535693,0.26636828289793824
Netherlands,2004,0.78,0.98,81.514,0.95,-0.47841146595775313,0.2628050724446053
Netherlands,2005,0.78,0.98,82.63,0.95,-0.2969464940378717,0.26375652310174025
Netherlands,2006,0.77,0.98,83.636,0.95,1.1853051374603831,0.29459619992948755
Netherlands,2007,0.77,0.85,84.539,0.95,1.4377376367599333,0.2998521110252712
Netherlands,2008,0.77,0.98,85.402,0.95,-0.3363183911485532,0.2998521110252712
Netherlands,2009,0.77,0.98,86.288,0.95,-6.270710446985827,0.3060612452880575
Netherlands,2010,0.71,0.98,87.134,0.95,-1.2853905518517876,0.3285382093252652
Netherlands,2011,0.71,0.98,87.879,0.95,-1.0310200196273955,0.334322370302059
Netherlands,2012,0.71,1.0,88.588,0.95,-3.5055713969640165,0.33264704164428666
Netherlands,2013,0.71,1.0,89.187,0.95,-2.5338388119021173,0.31707214452148486
Netherlands,2014,0.71,1.0,89.69,0.95,-1.050545009146625,0.3187122582799969
Netherlands,2015,0.71,1.0,90.173,0.95,-0.6013817987640537,0.3188248692760374
Netherlands,2016,0.71,1.0,90.635,0.95,-0.4603341145081492,0.3209696546943265
Netherlands,2017,0.77,1.0,91.077,0.95,0.19464904215599077,0.31572671585563084
Netherlands,2018,0.77,0.87,91.49,0.95,-0.34469683790689304,0.2725356626918578
Netherlands,2019,0.77,0.89,91.876,0.95,-0.8197426029405608,0.26195488362227926
Netherlands,2020,0.77,0.89,92.236,0.95,-6.528177932945928,0.21680125176696818
Netherlands,2021,0.75,0.89,92.572,0.95,3.5277714456408815,0.22750715312434072
Netherlands,2022,0.75,0.89,92.886,0.9499999999999998,1.2294831913266249,0.2156869170018486
New Zealand,1990,0.79,0.98,84.742,0.75,-2.876754471016899,0.212733813375294
New Zealand,1991,0.79,0.98,84.95,0.75,-7.878205126635634,0.2130472953380542
New Zealand,1992,0.79,0.98,85.103,0.75,-2.0633420117765215,0.21394818330637827
New Zealand,1993,0.8,0.98,85.254,0.75,3.0758009579149297,0.2229186503956042
New Zealand,1994,0.8,0.98,85.404,0.75,1.6217007645524064,0.22532119049492044
New Zealand,1995,0.8,0.98,85.553,0.75,1.090232629458212,0.23017381631170122
New Zealand,1996,0.83,0.98,85.7,0.676,-0.12082888443201999,0.2084292226279226
New Zealand,1997,0.83,0.98,85.781,0.676,-1.3612039472684994,0.2482074986940148
New Zealand,1998,0.83,0.98,85.861,0.676,-2.1413322411339926,0.2559311385941386
New Zealand,1999,0.76,0.98,85.941,0.676,2.7135352146762597,0.2616471286244312
New Zealand,2000,0.76,0.98,86.021,0.676,0.1590808912367385,0.26803608223696085
New Zealand,2001,0.76,0.98,86.1,0.676,0.6937036766601757,0.26954655940123057
New Zealand,2002,0.72,0.98,86.161,0.676,0.8010239106178629,0.27089686225660453
New Zealand,2003,0.72,0.98,86.221,0.676,0.5722829137704443,0.2708131235091548
New Zealand,2004,0.72,0.98,86.281,0.676,0.4438271735348341,0.2759638439507333
New Zealand,2005,0.79,0.98,86.341,0.676,0.08363911233318758,0.28082753907957275
New Zealand,2006,0.79,0.98,86.4,0.676,-0.5567366336581049,0.2771032886537641
New Zealand,2007,0.79,0.98,86.34,0.676,-0.0010778263283796607,0.2772158996498045
New Zealand,2008,0.78,0.98,86.28,0.676,-4.155309856818773,0.29171716260305497
New Zealand,2009,0.78,0.98,86.22,0.676,-3.2153280988723254,0.2994069090765233
New Zealand,2010,0.78,0.98,86.16,0.676,-1.7646666526940376,0.29597614031297925
New Zealand,2011,0.7,0.98,86.1,0.676,-0.6644832923026864,0.2817893387703948
New Zealand,2012,0.7,1.0,86.161,0.676,-0.39569336935795285,0.28191959983299025
New Zealand,2013,0.7,1.0,86.221,0.676,-0.13124391884784004,0.2598784996707114
New Zealand,2014,0.72,1.0,86.281,0.676,-0.008829068870863079,0.2513841308112261
New Zealand,2015,0.72,1.0,86.341,0.676,-0.46391299644194967,0.2611549298096225
New Zealand,2016,0.72,0.89,86.4,0.676,-0.6132763700125075,0.2598384307656228
New Zealand,2017,0.76,1.0,86.466,0.676,-0.725088039009948,0.2637722841047265
New Zealand,2018,0.76,0.89,86.538,0.676,-0.42227947149237066,0.29111730730821644
New Zealand,2019,0.76,1.0,86.615,0.676,-1.2808572728251073,0.28909523745171006
New Zealand,2020,0.77,1.0,86.699,0.676,-4.929985011015022,0.2725517373650702
New Zealand,2021,0.77,1.0,86.789,0.676,2.62197604363647,0.26015139189477904
New Zealand,2022,0.77,1.0,86.884,0.679008200080716,0.4866119924169159,0.2754933296393246
Norway,1990,0.82,0.98,71.956,1.0,-0.5277182705101895,0.42248420284246335
Norway,1991,0.82,0.98,72.265,1.0,0.48459200132577496,0.4233850908107874
Norway,1992,0.82,0.85,72.665,1.0,0.8685608463051421,0.4259996390302386
Norway,1993,0.74,0.85,73.061,1.0,0.12506350939555527,0.4323262716732843
Norway,1994,0.74,0.85,73.453,1.0,2.349052158093577,0.4344989249385013
Norway,1995,0.74,0.98,73.787,1.0,1.5065467557394376,0.44804277921245994
Norway,1996,0.74,0.98,74.062,1.0,2.3872233408001065,0.4493215095709113
Norway,1997,0.77,0.98,74.476,1.0,2.6055796479167728,0.4487998123129325
Norway,1998,0.77,0.98,75.027,1.0,-0.05053007054565938,0.4499259222733376
Norway,1999,0.77,0.85,75.569,1.0,-0.7342284480384675,0.4503763662574996
Norway,2000,0.77,0.85,76.02,1.0,0.5408625664556109,0.4786183088705875
Norway,2001,0.73,0.85,76.378,1.0,-0.5577789555021385,0.4776784847759342
Norway,2002,0.73,0.85,76.733,1.0,-1.2773913610579553,0.47916891472489054
Norway,2003,0.73,0.98,77.084,1.0,-1.7551195859666595,0.480683420362228
Norway,2004,0.73,0.98,77.399,1.0,1.2920674604387035,0.48339126076071975
Norway,2005,0.77,0.85,77.675,1.0,-0.12152627688745063,0.5003591526122417
Norway,2006,0.77,0.98,77.95,1.0,-0.47008189566412095,0.5062023452438209
Norway,2007,0.77,0.98,78.234,1.0,-0.2550072335793609,0.4962666951246588
Norway,2008,0.77,0.98,78.526,1.0,-2.872292966256802,0.5063149562398612
Norway,2009,0.75,0.98,78.815,1.0,-5.278944013029953,0.5108127875634358
Norway,2010,0.75,0.98,79.102,1.0,-2.5702954515048493,0.5130355130299953
Norway,2011,0.75,0.98,79.455,1.0,-2.3070638035809026,0.5091749667760415
Norway,2012,0.75,1.0,79.874,1.0,-0.7320129952184009,0.5159977187078407
Norway,2013,0.78,1.0,80.286,1.0,-2.307543646627996,0.5128241489293504
Norway,2014,0.78,0.89,80.692,1.0,-1.205901398402688,0.5152831868518353
Norway,2015,0.78,0.89,81.091,1.0,-1.2608859184465095,0.5190641939907463
Norway,2016,0.78,0.89,81.485,1.0,-1.832277530284555,0.5113859402859141
Norway,2017,0.7,0.89,81.871,1.0,-0.47017172650534583,0.4995309454873286
Norway,2018,0.7,0.89,82.248,1.0,-1.9440934195471191,0.4476044299680275
Norway,2019,0.7,0.89,82.616,1.0,-1.6661894842874778,0.46574902587595285
Norway,2020,0.7,1.0,82.974,1.0,-3.9673065221570236,0.46239750360835896
Norway,2021,0.69,1.0,83.323,1.0,1.244882640147859,0.4882158041583966
Norway,2022,0.69,1.0,83.664,1.0,-0.015255439920565548,0.47775735377300965
Poland,1990,0.54,0.98,61.27,0.96,-9.121003108203391,-0.687092663213146
Poland,1991,0.43,0.98,61.315,0.96,-9.454527435686135,-0.5974604651348435
Poland,1992,0.43,0.75,61.359,0.96,0.09131524517467511,-0.5725970554842974
Poland,1993,0.51,0.8,61.404,0.96,1.3649489388238691,-0.5658064766659884
Poland,1994,0.51,0.85,61.449,0.96,2.961151439005293,-0.5442450528554689
Poland,1995,0.69,0.98,61.493,0.96,4.847930063925392,-0.5520368380886826
Poland,1996,0.69,0.98,61.538,0.96,3.925202130202149,-0.5527504558752228
Poland,1997,0.48,0.98,61.583,0.96,4.269683026682013,-0.5365261535487246
Poland,1998,0.48,0.98,61.627,0.96,2.4934600191276037,-0.2710312900510607
Poland,1999,0.48,0.98,61.672,0.96,2.5539236896840025,-0.26818292967036
Poland,2000,0.62,0.98,61.716,0.96,3.5490295593602443,-0.2670740632507058
Poland,2001,0.47,0.98,61.761,0.96,-0.8231207267713971,-0.25774144727122766
Poland,2002,0.47,0.98,61.787,0.96,-0.026474214897783933,0.032524827069122866
Poland,2003,0.47,0.98,61.676,0.96,1.458680553849308,0.03189051881510336
Poland,2004,0.47,0.98,61.564,0.96,2.934717812626119,0.03227891449203579
Poland,2005,0.51,0.98,61.452,0.96,1.4427742827800045,0.04133659146838144
Poland,2006,0.51,0.98,61.341,0.96,4.088910288086197,0.006839463603331892
Poland,2007,0.54,0.98,61.229,0.96,5.010147587257881,0.007883775369666005
Poland,2008,0.54,0.98,61.116,0.96,2.076251280355743,0.182800582471369
Poland,2009,0.54,0.98,61.004,0.96,0.6530082653899859,0.17928036053451768
Poland,2010,0.54,0.98,60.892,0.96,1.1194778288505083,0.1998050425108128
Poland,2011,0.48,0.98,60.78,0.96,2.8761550208964235,0.21717890929424766
Poland,2012,0.48,1.0,60.654,0.96,-0.5641057088492066,0.21925063719651197
Poland,2013,0.48,0.86,60.529,0.96,-1.1921174723207797,0.21034992680180617
Poland,2014,0.48,0.86,60.403,0.96,1.8051374957700035,0.21335429260905525
Poland,2015,0.53,0.86,60.278,0.96,2.3433249171429793,0.0170923658067396
Poland,2016,0.53,0.81,60.178,0.96,0.8882123132460215,-0.4630212121642472
Poland,2017,0.53,0.86,60.105,0.96,3.017325174299563,-0.5567834694549173
Poland,2018,0.53,0.86,60.058,0.96,3.835857667915013,-0.5810507825994687
Poland,2019,0.59,0.86,60.037,0.96,2.3660249874814747,-0.6541519425360731
Poland,2020,0.65,0.81,60.043,0.96,-3.9578577370258716,-0.7517753336046867
Poland,2021,0.65,0.81,60.075,0.96,5.25596615177291,-0.7882849017066351
Poland,2022,0.65,0.81,60.134,0.96,5.796095851015808,-0.8128319916052479
Portugal,1990,0.78,0.98,47.915,1.0,2.067711050152097,-0.5143851809283548
Portugal,1991,0.7,0.98,48.469,1.0,2.499437850660122,-0.5125960398891338
Portugal,1992,0.7,0.98,49.13,1.0,-0.9414890773070516,-0.509577581901264
Portugal,1993,0.7,0.98,49.789,1.0,-4.272585420715624,-0.5069409947765893
Portugal,1994,0.7,0.98,50.449,1.0,-1.4160419404343707,-0.49968719243201937
Portugal,1995,0.79,0.98,51.109,1.0,1.8128119116331378,0.16639719057698538
Portugal,1996,0.77,0.98,51.77,1.0,1.0062372090696852,0.16928032910199114
Portugal,1997,0.77,0.98,52.428,1.0,1.826234978028884,0.1709034172623013
Portugal,1998,0.77,0.98,53.086,1.0,2.170046507509262,0.1721743257934014
Portugal,1999,0.69,0.98,53.743,1.0,1.2109525011385267,0.17310170076215517
Portugal,2000,0.69,0.98,54.399,1.0,0.9794979770998801,0.1753467388745947
Portugal,2001,0.57,0.98,55.044,1.0,-0.882266970278889,0.17894208210510096
Portugal,2002,0.68,0.98,55.666,1.0,-1.888994661525203,0.18220329376661676
Portugal,2003,0.68,0.98,56.287,1.0,-3.4112838332144224,0.18319488554394908
Portugal,2004,0.68,0.98,56.907,1.0,-0.5639096548912935,0.1849305847002997
Portugal,2005,0.69,0.98,57.522,1.0,-1.5144956387810486,0.2066229182999155
Portugal,2006,0.67,0.98,58.137,1.0,-0.6675713928428606,0.21620240491135978
Portugal,2007,0.67,0.98,58.749,1.0,0.19604117898205284,0.22263676116622702
Portugal,2008,0.67,0.98,59.359,1.0,-1.934831604633994,0.2233989240706482
Portugal,2009,0.66,0.98,59.964,1.0,-5.323929661731594,0.22386254451497528
Portugal,2010,0.66,0.98,60.567,1.0,-0.4186086142610249,0.21711444660042564
Portugal,2011,0.51,0.98,61.167,1.0,-3.6609967431364816,0.2132225890632209
Portugal,2012,0.51,1.0,61.763,1.0,-5.777078996801939,0.2335310923624915
Portugal,2013,0.51,1.0,62.352,1.0,-2.4869345566164966,0.22543041091357732
Portugal,2014,0.51,1.0,62.936,1.0,-0.7724205633413075,0.2259934658937799
Portugal,2015,0.61,1.0,63.514,1.0,0.10493738841500158,0.22494323875731934
Portugal,2016,0.53,1.0,64.086,1.0,0.23227721693523096,0.2297006082427302
Portugal,2017,0.53,1.0,64.652,1.0,1.6495458467154913,0.2326551057708378
Portugal,2018,0.53,0.89,65.211,1.0,0.9046022537694467,0.23963556361200983
Portugal,2019,0.61,0.89,65.764,1.0,0.5488737771127031,0.1928948041465972
Portugal,2020,0.61,1.0,66.31,1.0,-10.506357016647321,0.1620183841673293
Portugal,2021,0.49,1.0,66.849,1.0,2.967176916592672,0.1634311401851003
Portugal,2022,0.62,1.0,67.381,1.0,4.226647895733819,0.0745826806848428
Slovenia,1991,0.77,0.89,50.517,0.0,1.195757173633151,-0.22775026818010863
Slovenia,1992,0.86,0.8,50.543,0.831,1.1956838576462772,-0.3757180037326459
Slovenia,1993,0.86,0.98,50.569,0.831,1.1957543985954595,-0.3695133981080067
Slovenia,1994,0.86,0.98,50.596,0.831,1.195735701886214,-0.3562977915863702
Slovenia,1995,0.86,0.98,50.622,0.831,1.195780485502074,-0.0911412174387843
Slovenia,1996,0.76,0.98,50.649,0.831,1.1579194788557414,-0.0900561725315045
Slovenia,1997,0.71,0.98,50.675,0.831,3.08140031722936,-0.1146934024770321
Slovenia,1998,0.71,0.98,50.701,0.831,1.3951865031452435,-0.12116674789787782
Slovenia,1999,0.71,0.98,50.728,0.831,3.147711400909899,-0.24497594083802515
Slovenia,2000,0.72,0.98,50.754,0.831,1.256146289183778,-0.25783954759139377
Slovenia,2001,0.72,0.98,50.78,0.831,0.9444235386854509,-0.26026529823471156
Slovenia,2002,0.65,0.98,50.857,0.831,1.267698087383897,0.016403857061813343
Slovenia,2003,0.65,0.98,51.082,0.831,0.7885176863661879,0.013789870927678003
Slovenia,2004,0.61,0.98,51.308,0.831,2.182828497655496,0.00021638475807311334
Slovenia,2005,0.61,0.98,51.533,0.831,1.5086754163817977,0.0021807024922587733
Slovenia,2006,0.61,0.98,51.758,0.831,3.299754210767424,0.0261143454868036
Slovenia,2007,0.61,0.98,51.983,0.831,4.273860372788827,0.04723686014183696
Slovenia,2008,0.65,0.98,52.209,0.831,1.2365521300852251,0.03735968903204794
Slovenia,2009,0.65,0.98,52.433,0.831,-10.490048561487407,0.09759381415063635
Slovenia,2010,0.65,0.98,52.658,0.831,-1.2068964151507484,0.08055873636987462
Slovenia,2011,0.67,0.98,52.883,0.831,-1.4576566151951664,0.07051578673552285
Slovenia,2012,0.42,0.84,53.108,0.831,-4.953367570500182,0.06269876379715317
Slovenia,2013,0.42,0.84,53.332,0.831,-3.2731858998867014,0.21106664194183158
Slovenia,2014,0.53,0.84,53.557,0.831,0.5574709369819776,0.18510026771376972
Slovenia,2015,0.53,0.84,53.781,0.831,0.02358803170009521,0.20177990076578878
Slovenia,2016,0.53,0.8,54.02,0.831,1.0066780096278953,0.1911566216995244
Slovenia,2017,0.53,0.84,54.273,0.831,2.6374268068238673,0.15765100588057762
Slovenia,2018,0.54,0.8,54.541,0.831,1.9666363115593852,0.12251180041038268
Slovenia,2019,0.54,0.8,54.822,0.831,0.6946951298350373,0.09368780509282967
Slovenia,2020,0.54,0.89,55.118,0.831,-6.989734017141632,-0.07984668278856577
Slovenia,2021,0.54,0.89,55.427,0.831,5.8282599753255395,-0.26708499332821795
Slovenia,2022,0.52,0.89,55.751,0.831,0.16158648511788834,0.03387364817714942
Spain,1990,0.71,0.98,75.351,0.68,1.5662147861654574,0.06122615831023361
Spain,1991,0.71,0.98,75.528,0.68,0.17575775040559094,0.06488142089279238
Spain,1992,0.71,0.98,75.61,0.68,-1.673462709640576,0.07096910387495133
Spain,1993,0.77,0.98,75.692,0.68,-3.6529437465808723,0.06980365614997036
Spain,1994,0.77,0.98,75.774,0.68,-0.21268507310986506,0.07511541926599913
Spain,1995,0.77,0.98,75.856,0.68,0.19538450346184813,0.07855731015689604
Spain,1996,0.81,0.98,75.938,0.68,0.12425975974401135,0.08525315017271198
Spain,1997,0.81,0.85,76.019,0.68,1.1591588334519425,0.08654243381796844
Spain,1998,0.81,0.98,76.1,0.68,1.8523614617001276,0.08720624949379226
Spain,1999,0.81,0.85,76.181,0.68,1.9582864879054689,0.08765669347795431
Spain,2000,0.74,0.98,76.262,0.68,2.666792189891811,0.09579058128540899
Spain,2001,0.74,0.85,76.343,0.68,1.10451600199738,0.10074858109504627
Spain,2002,0.74,0.98,76.533,0.68,-0.8196374850679572,0.10214644726327542
Spain,2003,0.74,0.85,76.778,0.68,-0.9733172058810884,0.09959619909309916
Spain,2004,0.76,0.98,77.022,0.68,-0.7509657084875458,0.09087378345645468
Spain,2005,0.76,0.85,77.263,0.68,-0.1938622646319191,0.11849422423605652
Spain,2006,0.76,0.85,77.502,0.68,0.2481727325216261,0.12223725403913283
Spain,2007,0.76,0.85,77.74,0.68,-0.40503696969424946,0.2471265041205055
Spain,2008,0.69,0.85,77.976,0.68,-2.8192494287777903,0.256983457165981
Spain,2009,0.69,0.75,78.21,0.68,-6.721326819964137,0.25884639576781565
Spain,2010,0.69,0.75,78.442,0.68,-2.4067753246325823,0.2620791729707253
Spain,2011,0.63,0.85,78.673,0.68,-3.2758024601252376,0.2485958194579506
Spain,2012,0.63,0.81,78.902,0.68,-5.1315019855321475,0.175098501677935
Spain,2013,0.63,0.81,79.133,0.68,-3.1893332113483455,0.14346192156700066
Spain,2014,0.63,0.81,79.366,0.68,-0.4102398765177334,0.14426175597264204
Spain,2015,0.64,0.81,79.602,0.68,1.809523782690144,0.0981822807670504
Spain,2016,0.6,0.81,79.84,0.68,0.8412271935628809,0.10086426838302312
Spain,2017,0.6,0.81,80.08,0.68,0.6248687085219872,-0.030300851387407422
Spain,2018,0.6,0.81,80.321,0.68,-0.27214736374913256,0.022360086233569557
Spain,2019,0.65,0.81,80.565,0.68,-0.8549760654852855,0.06296050799224069
Spain,2020,0.65,0.78,80.81,0.68,-13.709780370514169,0.044841604095603775
Spain,2021,0.65,0.81,81.056,0.68,4.181043194385964,-0.005880067176732658
Spain,2022,0.65,0.81,81.304,0.68,2.858450352178818,-0.05250452452050317
Sweden,1990,0.83,0.98,83.1,1.0,-2.13058183221568,0.3865443980928805
Sweden,1991,0.83,0.98,83.204,1.0,-3.9273237455257357,0.3848500566587535
Sweden,1992,0.83,0.98,83.361,1.0,-3.8464464466665875,0.3911477907841442
Sweden,1993,0.83,0.98,83.516,1.0,-4.742603137244785,0.39419295251925607
Sweden,1994,0.82,0.98,83.671,1.0,1.0841922085390021,0.39868052994917214
Sweden,1995,0.82,0.98,83.824,1.0,1.281521995475847,0.4000625090933472
Sweden,1996,0.82,0.98,83.914,1.0,-0.6918388475641897,0.3943262520092033
Sweden,1997,0.82,0.98,83.942,1.0,0.9017821347264228,0.4010777506671861
Sweden,1998,0.78,0.98,83.97,1.0,2.1442122656386795,0.40744195124360877
Sweden,1999,0.78,0.98,83.998,1.0,2.0562499105556125,0.37829810153017934
Sweden,2000,0.78,0.98,84.026,1.0,2.488468138524471,0.3789737675064223
Sweden,2001,0.78,0.98,84.071,1.0,-0.9323024556269371,0.379311600494544
Sweden,2002,0.78,0.98,84.133,1.0,-0.24492177683650632,0.3793172944336743
Sweden,2003,0.78,0.98,84.196,1.0,-0.17994550647496457,0.38092436385173883
Sweden,2004,0.78,0.98,84.258,1.0,1.817570101535534,0.3794604209032123
Sweden,2005,0.78,0.98,84.319,1.0,0.3385741140111759,0.37968564289529316
Sweden,2006,0.81,0.98,84.43,1.0,1.9660517117187066,0.3921395983183009
Sweden,2007,0.81,0.98,84.588,1.0,0.565340266370385,0.3811741677321155
Sweden,2008,0.81,0.98,84.746,1.0,-3.332737025434706,0.3847880725924508
Sweden,2009,0.81,0.98,84.902,1.0,-7.260936602791253,0.3829430677371804
Sweden,2010,0.83,0.98,85.056,1.0,2.943017369488141,0.38802983328915003
Sweden,2011,0.83,0.98,85.297,1.0,0.3093188739123539,0.38104667057021385
Sweden,2012,0.83,1.0,85.62,1.0,-3.4307000663899503,0.3912472935635696
Sweden,2013,0.83,1.0,85.936,1.0,-1.775713843569597,0.35719775117749025
Sweden,2014,0.83,0.84,86.247,1.0,-0.46544809666956954,0.3454364810144107
Sweden,2015,0.83,1.0,86.553,1.0,1.2804963394885893,0.3308671115867143
Sweden,2016,0.83,0.89,86.852,1.0,-1.3135560654685383,0.33232323390362606
Sweden,2017,0.83,1.0,87.146,1.0,-0.914543522105109,0.3027703380293644
Sweden,2018,0.82,0.89,87.431,1.0,-1.3370700632693118,0.32340041028606153
Sweden,2019,0.82,1.0,87.708,1.0,-1.152080514826397,0.32640508000274204
Sweden,2020,0.82,1.0,87.977,1.0,-4.984315506195328,0.3172433735363564
Sweden,2021,0.82,1.0,88.238,1.0,3.401787777830902,0.329966872904335
Sweden,2022,0.8,1.0,88.492,1.0,0.10412097099557178,0.3420522333862393
Switzerland,1990,0.39,0.98,73.926,0.63,0.5058028389777265,0.33233116470063184
Switzerland,1991,0.39,0.98,73.869,0.63,-4.256174891684519,0.3386168554186576
Switzerland,1992,0.39,0.98,73.815,0.63,-3.249418653651765,0.3385004777896082
Switzerland,1993,0.39,0.85,73.762,0.63,-3.1411279322512797,0.3420793706454111
Switzerland,1994,0.39,0.98,73.708,0.63,-1.6440148620990287,0.3423045926374921
Switzerland,1995,0.34,0.98,73.654,0.63,-2.2980502412228985,0.3461593360576881
Switzerland,1996,0.34,0.98,73.6,0.63,-2.0811542033439863,0.3492715955923443
Switzerland,1997,0.34,0.98,73.546,0.63,-0.094396723374224,0.3498346505725469
Switzerland,1998,0.34,0.98,73.492,0.63,0.6146160853412053,0.3572204574845491
Switzerland,1999,0.34,0.98,73.438,0.63,-0.9306836443192721,0.35739498506962764
Switzerland,2000,0.34,0.98,73.383,0.63,1.2665057353484035,0.3663190217216822
Switzerland,2001,0.34,0.98,73.375,0.63,-1.1747272214898175,0.3672704723788172
Switzerland,2002,0.34,0.85,73.401,0.63,-2.9359534545127364,0.36461685846020386
Switzerland,2003,0.36,0.98,73.427,0.63,-2.8809836901911727,0.3695659721795086
Switzerland,2004,0.36,0.98,73.452,0.63,-0.11152131188078947,0.371559709020978
Switzerland,2005,0.36,0.85,73.478,0.63,-0.016051712224687577,0.3721227640011806
Switzerland,2006,0.36,0.85,73.504,0.63,1.3129295754674344,0.37159113482871325
Switzerland,2007,0.39,0.85,73.53,0.63,0.8821791365938705,0.3909748141076765
Switzerland,2008,0.39,0.85,73.556,0.63,-0.5997152119794369,0.3985543420168762
Switzerland,2009,0.39,0.85,73.581,0.63,-5.6202203541029965,0.39726857519318615
Switzerland,2010,0.39,0.85,73.607,0.63,0.06400377152161565,0.40047742226465083
Switzerland,2011,0.39,0.85,73.631,0.63,-1.4222938039716702,0.4025958256698096
Switzerland,2012,0.39,0.8,73.653,0.63,-1.9990504606323583,0.4078305579768746
Switzerland,2013,0.39,0.8,73.674,0.63,-1.4812848034072816,0.4085480933268423
Switzerland,2014,0.39,0.8,73.696,0.63,-1.0009559891053041,0.4104469661680444
Switzerland,2015,0.38,0.8,73.718,0.63,-1.6155212134262642,0.4087525316472152
Switzerland,2016,0.38,0.8,73.739,0.63,-1.1495187670127147,0.40706928067693265
Switzerland,2017,0.38,0.8,73.761,0.63,-1.688329049825936,0.40986805824882844
Switzerland,2018,0.38,0.8,73.797,0.63,-0.004107110120943249,0.4166433870708656
Switzerland,2019,0.35,0.8,73.849,0.63,-1.68653760931262,0.42188408354608475
Switzerland,2020,0.35,0.84,73.915,0.63,-4.963779104666092,0.4109601385708963
Switzerland,2021,0.35,0.84,73.996,0.63,2.4785635600885296,0.41330320025752015
Switzerland,2022,0.35,0.84,74.092,0.6300000000000001,-0.3736577347718746,0.4114962478273526
Turkey,1990,0.92,0.46,59.203,0.75,5.107472764955036,-1.3281764443639745
Turkey,1991,0.8,0.46,59.976,0.75,-3.2042278170946745,-1.3196790119960145
Turkey,1992,0.8,0.46,60.518,0.75,1.096474806078482,-1.2947121015527747
Turkey,1993,0.8,0.5,61.055,0.75,3.6744348041731354,-1.3070827913411942
Turkey,1994,0.8,0.5,61.59,0.75,-8.43562109444371,-1.3024426310041792
Turkey,1995,0.79,0.5,62.123,0.75,3.9585830645661146,-1.2847247613246346
Turkey,1996,0.79,0.5,62.653,0.75,3.5102620854456226,-1.2795995089401528
Turkey,1997,0.79,0.46,63.179,0.75,3.741494890796002,-1.261750523908345
Turkey,1998,0.79,0.5,63.703,0.75,-1.292452528254818,-1.2783871889189076
Turkey,1999,0.8,0.5,64.223,0.75,-6.816817390091025,-1.2338674065542619
Turkey,2000,0.8,0.5,64.741,0.75,3.2762618525514293,-1.1989497624003076
Turkey,2001,0.8,0.46,65.34,0.75,-9.247539503840189,-1.1822822792237955
Turkey,2002,0.76,0.55,65.974,0.75,2.8597579274011418,-0.8437796410825513
Turkey,2003,0.76,0.55,66.602,0.75,2.264118933331613,-0.8253228806219493
Turkey,2004,0.76,0.51,67.225,0.75,6.200057042772854,-0.6888427449592608
Turkey,2005,0.76,0.51,67.84,0.75,5.424021745030872,-0.7403663596538428
Turkey,2006,0.76,0.48,68.45,0.75,3.4608697278198775,-0.7464373411546236
Turkey,2007,0.74,0.44,69.053,0.75,2.1004742113512274,-0.8044770444891362
Turkey,2008,0.74,0.44,69.651,0.75,-2.5622359316951733,-0.8656512939442013
Turkey,2009,0.74,0.51,70.241,0.75,-8.23720521250618,-0.8771033515032705
Turkey,2010,0.74,0.51,70.825,0.75,4.682702941156099,-0.9089215204171595
Turkey,2011,0.87,0.51,71.402,0.75,7.47048349345413,-0.9127545849122639
Turkey,2012,0.87,0.56,71.974,0.75,1.3518413770032391,-0.9313536693647029
Turkey,2013,0.87,0.56,72.531,0.75,4.991927445928787,-1.26472421379013
Turkey,2014,0.74,0.48,73.077,0.75,1.4241175559056942,-1.3512092823659245
Turkey,2015,0.84,0.48,73.611,0.75,2.5692295089586743,-1.5350282651685079
Turkey,2016,0.84,0.49,74.134,0.75,-0.16709128521024366,-1.6656057138358509
Turkey,2017,0.84,0.41,74.644,0.75,4.007612308640248,-1.7145748880907508
Turkey,2018,0.89,0.44,75.143,0.75,-0.48115316223924787,-1.719908233125112
Turkey,2019,0.89,0.41,75.63,0.75,-2.7220189723042565,-1.7256247666288043
Turkey,2020,0.89,0.41,76.105,0.75,-1.2332206102026069,-1.735561082426917
Turkey,2021,0.89,0.41,76.569,0.75,8.319971611269214,-1.7266960051112317
Turkey,2022,0.89,0.41,77.022,0.75,2.3901370724971103,-1.73749102281386
United Kingdom,1990,0.75,0.98,78.14,0.815,-1.6765077253422556,0.11742088057374829
United Kingdom,1991,0.75,0.98,78.112,0.815,-3.5180625000516974,0.11391958670945362
United Kingdom,1992,0.75,0.98,78.172,0.815,-1.979644330256461,0.11387593904191848
United Kingdom,1993,0.75,0.98,78.232,0.815,0.13483999218641318,0.12022573737830435
United Kingdom,1994,0.75,0.98,78.293,0.815,1.4723812398002658,0.14761793010013438
United Kingdom,1995,0.75,0.98,78.353,0.815,0.1512030843484774,0.14795576308825586
United Kingdom,1996,0.75,0.98,78.413,0.815,0.21158671101094997,0.15127722115576084
United Kingdom,1997,0.69,0.98,78.472,0.815,2.5454627885407253,0.1547531548760448
United Kingdom,1998,0.69,0.98,78.532,0.815,1.003793888078017,0.15726062177496486
United Kingdom,1999,0.69,0.98,78.591,0.815,0.6135749004569789,0.16506804661627775
United Kingdom,2000,0.69,0.85,78.651,0.815,1.8370938088034194,0.19450822061610204
United Kingdom,2001,0.57,0.85,78.751,0.815,0.07503925641479613,0.21175315695787397
United Kingdom,2002,0.57,0.85,79.047,0.815,-0.7475749236374766,0.21241486751122787
United Kingdom,2003,0.57,0.98,79.339,0.815,0.5578619234834755,0.21359154016044382
United Kingdom,2004,0.57,0.98,79.629,0.815,-0.2641387547630794,0.2120640362022356
United Kingdom,2005,0.58,0.98,79.915,0.815,-0.07368179063973403,0.22995708079911406
United Kingdom,2006,0.58,0.98,80.199,0.815,-0.47307637066837566,0.2365334247016909
United Kingdom,2007,0.58,0.85,80.479,0.815,-0.28515916977493566,0.2250594387811369
United Kingdom,2008,0.58,0.98,80.757,0.815,-3.117447184862491,0.22359031933909082
United Kingdom,2009,0.58,0.98,81.031,0.815,-7.443239975851285,0.22679916641055536
United Kingdom,2010,0.61,0.85,81.302,0.815,-0.6691941585269652,0.23932069352716512
United Kingdom,2011,0.61,0.98,81.57,0.815,-1.7518373007461097,0.2376149981928108
United Kingdom,2012,0.61,1.0,81.837,0.815,-1.3000343207758935,0.24776551070005767
United Kingdom,2013,0.61,1.0,82.102,0.815,-0.9966695109524388,0.22786344686753837
United Kingdom,2014,0.61,1.0,82.365,0.815,0.32901593154770215,0.22941453011393595
United Kingdom,2015,0.6,1.0,82.626,0.815,-0.6960761643422864,0.22206409334761582
United Kingdom,2016,0.6,0.89,82.886,0.815,-0.9580270028181198,0.2164716983805669
United Kingdom,2017,0.63,1.0,83.143,0.815,-0.14955657497607805,0.23381031946900344
United Kingdom,2018,0.63,1.0,83.398,0.815,-1.3183242261339745,0.22241816137802073
United Kingdom,2019,0.62,0.89,83.652,0.815,-1.039704831331057,0.18423134680150804
United Kingdom,2020,0.62,1.0,83.903,0.815,-12.79668929756559,0.18992449391207294
United Kingdom,2021,0.62,1.0,84.152,0.815,6.654439684428736,0.18474023998597297
United Kingdom,2022,0.62,1.0,84.398,0.815,2.32249634275854,0.1551958201830457
United States,1990,0.35,0.98,75.3,0.691,-1.3680169715769066,0.07872146197038951
United States,1991,0.35,0.98,75.701,0.691,-3.543702218544445,0.07137957096126549
United States,1992,0.6,0.98,76.097,0.691,-0.012874146289713945,0.0897161315294101
United States,1993,0.6,0.98,76.488,0.691,-0.7037813765356956,0.08504600597331571
United States,1994,0.38,0.98,76.875,0.691,0.6513889635704632,0.08252253241686124
United States,1995,0.38,0.98,77.257,0.691,-0.6407598479658407,0.08435726766533606
United States,1996,0.53,0.98,77.636,0.691,0.462791443199631,0.0831084828311521
United States,1997,0.53,0.98,78.008,0.691,1.0877536562097536,0.0830865289545491
United States,1998,0.34,0.98,78.377,0.691,1.161055193731739,0.0833117509466301
United States,1999,0.34,0.98,78.742,0.691,1.488534028604301,0.08411302504404776
United States,2000,0.52,0.98,79.057,0.691,0.8159966073378667,0.06399146593187147
United States,2001,0.52,0.98,79.234,0.691,-2.149370595571182,0.027009101489542546
United States,2002,0.34,0.98,79.409,0.691,-1.3526837127688163,0.03900472262426738
United States,2003,0.34,0.98,79.583,0.691,-0.1929726390734903,0.06140105215217146
United States,2004,0.56,0.98,79.757,0.691,0.7864048454276946,0.061791976696053706
United States,2005,0.56,0.98,79.928,0.691,0.42435921542335603,0.0610365957284423
United States,2006,0.36,0.98,80.099,0.691,-0.3129274298943382,0.089942152522478
United States,2007,0.36,0.98,80.269,0.691,-1.064488215957665,0.11517830292096744
United States,2008,0.57,0.98,80.438,0.691,-2.9297872046843314,0.1171689354989914
United States,2009,0.57,0.98,80.606,0.66,-5.55944063987495,0.1313834428427584
United States,2010,0.37,0.98,80.772,0.66,-0.24912272338827146,0.13751483473239456
United States,2011,0.37,0.98,80.944,0.66,-1.294884619913132,0.1289795947243811
United States,2012,0.53,1.0,81.119,0.66,-0.5762849998054488,0.1346903111507698
United States,2013,0.53,1.0,81.299,0.66,-0.9707049993830456,0.1375517498749355
United States,2014,0.32,1.0,81.483,0.66,-0.5690063012732793,0.13782767330170184
United States,2015,0.32,1.0,81.671,0.66,-0.15638486837504545,0.12806158666508505
United States,2016,0.56,0.97,81.862,0.66,-1.1760090653024315,0.01762301974141898
United States,2017,0.56,0.97,82.058,0.66,-0.5122573188841059,-0.08564333560714624
United States,2018,0.47,1.0,82.256,0.6,0.295479252482242,-0.10377479396603505
United States,2019,0.47,1.0,82.459,0.6,-0.27972467696544,-0.12055121175172603
United States,2020,0.62,1.0,82.664,0.6,-5.810274199876636,-0.14924112546618237
United States,2021,0.62,1.0,82.873,0.6,3.6702241323423923,-0.09042131753533769
United States,2022,0.42,1.0,83.084,0.578393609757768,-0.5578294789277395,-0.04972870247265189
Estonia,1990,0.4608000000000007,0.9604,71.231,0.0,4.392965820372361,-0.6635114640811598
Lithuania,1990,0.7935559288525837,0.8425,67.583,0.0,3.9107960090410687,-0.5834629641230543
Latvia,1990,0.6187000000000005,0.8164999999999998,69.25,0.0,1.6795504647672943,-0.5320589283466954
Australia,2023,0.7991076923076923,0.9757675213675212,86.617,0.84,0.8320939109664732,0.20659146254260194
Austria,2023,0.6387242943164892,0.73,59.53,0.93,1.6069363880687557,0.11209761983866945
Belgium,2023,0.7802849241998047,0.727388034188035,98.189,0.59,0.08560584431666733,0.23000276374218268
Canada,2023,0.6531086823961232,0.84,81.862,0.59,-0.2214977837439326,0.15521388898943325
Chile,2023,0.5,0.952752136752137,88.012,0.91,-0.048460209236501336,0.12313954109736133
Colombia,2023,0.5796923076923086,0.9017675213675204,82.354,0.7041692307692308,4.232082132350677,-0.8709320953839002
Costa Rica,2023,0.5404854701139357,0.9084888888888888,82.622,0.8370000000000001,1.7784012568695886,0.17529924623598211
Czechia,2023,0.6376959856379472,0.6311349821044132,74.552,0.0,-1.260630993948039,0.11923105664533223
Denmark,2023,0.7511473180311441,0.8586222222120341,88.495,1.0,-0.0840674974663143,0.557722216864888
Estonia,2023,0.5562461538461534,1.0091384615384618,69.81,0.0,-4.43455256030665,-0.4013401495582266
Finland,2023,0.6822871794871794,0.9002119657990306,85.773,0.93,-0.8384063195275797,0.2954314936046346
France,2023,0.7501914529914533,0.6396786324786312,81.777,0.976,0.0419971614706046,0.20260305065792575
Germany,2023,0.6321743589743587,0.658666666666667,77.765,0.0,-0.9744264411264545,0.29914151223510516
Greece,2023,0.6904649572649575,0.6900717948717952,80.673,0.96,4.742913595081416,-0.4388957456539162
Hungary,2023,0.6498427350427348,0.6735384614630675,72.864,0.9,3.066014453188692,-1.0497281821618596
Iceland,2023,0.7658341880801629,0.9998854701017308,94.042,1.0,2.3657582836118047,0.18460786983083075
Ireland,2023,0.56,0.9991008547008547,64.466,1.0,5.285653801108341,0.2507556588595495
Israel,2023,0.7000239316388388,0.7922512820666157,92.854,0.3099999999999999,2.567763148610503,-0.22167948626509432
Italy,2023,0.5513367520977681,0.7744341880341867,71.973,0.935,1.909455593774816,-0.20514891388576878
Japan,2023,0.55,0.9474632478632476,92.043,0.9778551944932588,-0.7231883308882462,0.11339572972436195
South Korea,2023,0.77,0.8481948717948704,81.456,1.0,0.7297967301631069,0.048363550993332366
Latvia,2023,0.6187000000000005,0.844676923076923,68.671,0.0,1.7856448433080083,-0.0947853223158464
Lithuania,2023,0.5883900426319997,0.8425,68.694,0.0,-0.591039877099253,0.1231625951900298
Luxembourg,2023,0.482386324786324,0.9835897435897436,92.078,0.533,-2.468103859770655,0.26390998124468407
Mexico,2023,0.54,0.8302461538461525,81.582,0.8009999999999999,1.1037653283622382,-1.2235087311013355
Netherlands,2023,0.7086256410256415,0.9758564102564103,93.179,0.9499999999999998,1.246636473403567,0.2847230773024183
New Zealand,2023,0.6939282051282047,0.9954119658119658,86.985,0.6767312187730568,0.4527944459766494,0.2915037955411112
Norway,2023,0.7482188034188035,1.002011965804627,83.995,1.0,-0.02711135906721328,0.5128107689570174
Poland,2023,0.6922198238899,0.6999846153012186,60.218,0.96,5.530304955291388,-0.76307869044851
Portugal,2023,0.4942324786324796,0.9954119658119658,67.906,1.0,4.062187344865501,0.19848343927254042
Slovenia,1990,0.52,0.9750000000000004,50.39,0.0,1.1957542504727918,-0.5706689911736574
Slovenia,2023,0.52,0.9034153846153848,56.088,0.0,0.37988335112882277,-0.14682998857499818
Spain,2023,0.6252157863345928,0.912617685913574,81.552,0.68,2.8376971196891905,-0.05292229587512899
Sweden,2023,0.8139247863247863,0.9634666666666668,88.738,1.0,0.06096542639123843,0.3100725386305296
Switzerland,2023,0.2709612012840807,0.8094348681916017,74.202,0.6300000000000001,-0.42782970494580125,0.4092855253852138
Turkey,2023,0.9680444444575188,0.41,77.463,0.75,2.3199818615500583,-1.752951814513342
United Kingdom,2023,0.6972598291304166,0.9567452991452992,84.642,0.815,2.2864611464013405,0.10607282064192988
United States,2023,0.42,0.9954119658119658,83.298,0.5657797853054944,-0.5612104140729883,-0.028762285091703255
