Year,Country,Gini coefficient,GDP,Conflict,Deaths,Free and fair elections index,Liberal democracy index
1990,Australia,0.43795857,2.0573924,0,0,0.956,0.852
1991,Australia,0.44966656,-1.6435711,0,0,0.956,0.852
1992,Australia,0.44447818,-0.69043666,0,0,0.956,0.852
1993,Australia,0.4511117,3.1237383,0,0,0.958,0.852
1994,Australia,0.4553261,2.9830923,0,0,0.958,0.852
1995,Australia,0.4580794,2.7326014,0,0,0.958,0.852
1996,Australia,0.45617586,2.610798,0,0,0.958,0.85
1997,Australia,0.4545575,2.7948685,0,0,0.957,0.845
1998,Australia,0.46203762,3.6252184,0,0,0.958,0.845
1999,Australia,0.46503964,3.8849323,0,0,0.961,0.845
2000,Australia,0.46767837,2.7389443,0,0,0.961,0.847
2001,Australia,0.46066907,0.7235311,0,0,0.959,0.845
2002,Australia,0.47508192,2.803527,0,0,0.952,0.84
2003,Australia,0.4700889,1.9117386,0,0,0.952,0.84
2004,Australia,0.47448337,3.1158934,0,0,0.953,0.84
2005,Australia,0.48133436,1.9060652,0,0,0.954,0.838
2006,Australia,0.48227942,1.37798,0,0,0.954,0.838
2007,Australia,0.48097658,1.8967084,0,0,0.955,0.84
2008,Australia,0.48761514,1.5311118,0,0,0.964,0.85
2009,Australia,0.4880972,-0.18577315,0,0,0.964,0.85
2010,Australia,0.4865519,0.6485001,0,0,0.973,0.86
2011,Australia,0.4863076,0.995812,0,0,0.977,0.865
2012,Australia,0.48725703,2.119926,0,0,0.977,0.865
2013,Australia,0.48753554,0.8553014,0,0,0.964,0.818
2014,Australia,0.48803058,1.0883008,0,0,0.953,0.81
2015,Australia,0.48932084,0.74143887,0,0,0.953,0.825
2016,Australia,0.483002,1.1862658,0,0,0.96,0.832
2017,Australia,0.487506,0.6474952,0,0,0.967,0.827
2018,Australia,0.4797805,1.3783454,1,2,0.967,0.817
2019,Australia,0.5011269207203908,0.68249094,0,0,0.958,0.78
2020,Australia,0.5030243418070817,-1.5564363,0,0,0.941,0.795
2021,Australia,0.504921762893773,1.9680617,0,0,0.941,0.781
2022,Australia,0.48174992,2.9853964,0,0,0.958,0.8
2023,Australia,0.5087166050671552,2.9416062358129373,0,0,0.963,0.804
1990,Austria,0.48704400967032946,3.5535476,0,0,0.926,0.783
1991,Austria,0.48500828818681274,2.4139864,0,0,0.925,0.784
1992,Austria,0.482972566703296,0.9760922,0,0,0.925,0.784
1993,Austria,0.4809368452197802,-0.29875436,0,0,0.925,0.785
1994,Austria,0.4789011237362635,2.008762,0,0,0.925,0.784
1995,Austria,0.47686540225274676,2.5109127,0,0,0.923,0.779
1996,Austria,0.47482968076923004,2.2114348,0,0,0.929,0.786
1997,Austria,0.4727939592857142,1.977976,0,0,0.929,0.786
1998,Austria,0.4707582378021975,3.46783,0,0,0.928,0.785
1999,Austria,0.4687225163186808,3.3550446,0,0,0.927,0.785
2000,Austria,0.46668679483516495,3.1274366,0,0,0.924,0.787
2001,Austria,0.46465107335164824,0.8802591,0,0,0.924,0.787
2002,Austria,0.4626153518681315,1.1526763,0,0,0.925,0.787
2003,Austria,0.4605796303846148,0.45094654,0,0,0.926,0.787
2004,Austria,0.44233766,2.0997112,0,0,0.928,0.787
2005,Austria,0.45551762,1.5498773,0,0,0.929,0.787
2006,Austria,0.4743343,2.9434178,0,0,0.933,0.79
2007,Austria,0.4561178,3.3917308,0,0,0.943,0.804
2008,Austria,0.4563988,1.1433071,0,0,0.944,0.804
2009,Austria,0.4480193,-4.0163403,0,0,0.946,0.806
2010,Austria,0.45210794,1.5925771,0,0,0.946,0.804
2011,Austria,0.4431315,2.5764482,0,0,0.946,0.806
2012,Austria,0.42545512,0.22245058,0,0,0.946,0.806
2013,Austria,0.42535627,-0.56229895,0,0,0.946,0.808
2014,Austria,0.44320065,-0.12237067,0,0,0.945,0.807
2015,Austria,0.43713838,-0.11154019,0,0,0.945,0.805
2016,Austria,0.4431692,0.89246917,0,0,0.901,0.784
2017,Austria,0.4320795296153843,1.550724,0,0,0.911,0.786
2018,Austria,0.4300438081318676,1.927713,0,0,0.944,0.779
2019,Austria,0.4280080866483509,1.000407,0,0,0.942,0.792
2020,Austria,0.42597236516483505,-7.019826,1,4,0.937,0.789
2021,Austria,0.42393664368131834,3.7847197,0,0,0.937,0.783
2022,Austria,0.438074,3.8089561,0,0,0.937,0.757
2023,Austria,0.4198652007142849,3.716595441514665,0,0,0.936,0.773
1990,Belgium,0.45078522033846147,2.830268,0,0,0.932,0.803
1991,Belgium,0.44180486,1.4553717,0,0,0.933,0.803
1992,Belgium,0.44019526,1.1195658,0,0,0.942,0.81
1993,Belgium,0.44237062,-1.3479997,0,0,0.942,0.81
1994,Belgium,0.44579405,2.9093187,0,0,0.942,0.81
1995,Belgium,0.44443274,2.1705503,0,0,0.943,0.816
1996,Belgium,0.44805685,1.123669,0,0,0.944,0.818
1997,Belgium,0.44787508,3.542789,0,0,0.944,0.818
1998,Belgium,0.45067555,1.7443238,0,0,0.944,0.817
1999,Belgium,0.45339584,3.3057065,0,0,0.944,0.82
2000,Belgium,0.45288178,3.4654527,0,0,0.949,0.822
2001,Belgium,0.44729495,0.7524829,0,0,0.949,0.822
2002,Belgium,0.4421599,1.2519846,0,0,0.949,0.822
2003,Belgium,0.4449905,0.6158798,0,0,0.952,0.824
2004,Belgium,0.44813868,3.123929,0,0,0.954,0.8
2005,Belgium,0.4765439,1.7604556,0,0,0.954,0.819
2006,Belgium,0.46325824,1.8781832,0,0,0.959,0.825
2007,Belgium,0.4459066,2.9183383,0,0,0.967,0.832
2008,Belgium,0.43317986,-0.34345272,0,0,0.974,0.838
2009,Belgium,0.42489848,-2.8059208,0,0,0.974,0.838
2010,Belgium,0.43872264,1.9287642,0,0,0.974,0.836
2011,Belgium,0.42992318,0.38003457,0,0,0.974,0.835
2012,Belgium,0.42878038,0.11640258,0,0,0.974,0.835
2013,Belgium,0.433262,-0.013148386,0,0,0.976,0.842
2014,Belgium,0.43555692,1.1285957,0,0,0.975,0.842
2015,Belgium,0.4370595,1.4518933,0,0,0.975,0.841
2016,Belgium,0.43739444,0.75526893,1,34,0.975,0.84
2017,Belgium,0.43432033,1.2288662,0,0,0.975,0.838
2018,Belgium,0.43595854795555566,1.3306522,1,4,0.975,0.838
2019,Belgium,0.4354290239418803,1.6897537,0,0,0.975,0.839
2020,Belgium,0.4348994999282052,-5.6682234,0,0,0.974,0.825
2021,Belgium,0.43436997591452986,6.412099,0,0,0.976,0.826
2022,Belgium,0.40930387,2.1317658,0,0,0.972,0.834
2023,Belgium,0.4333109278871794,2.1952408061412756,1,2,0.972,0.814
1990,Canada,0.4498096,-1.2964413,0,0,0.914,0.759
1991,Canada,0.4570813,-3.3003001,0,0,0.914,0.759
1992,Canada,0.45932516,-0.2967095,0,0,0.914,0.755
1993,Canada,0.46964413,1.5357457,0,0,0.917,0.755
1994,Canada,0.4713998,3.3558145,0,0,0.931,0.761
1995,Canada,0.47910425,1.6252813,1,24,0.931,0.761
1996,Canada,0.48402417,0.6315309,0,0,0.931,0.769
1997,Canada,0.4902337,3.2489748,0,0,0.925,0.766
1998,Canada,0.4918195,3.0342376,1,27,0.921,0.764
1999,Canada,0.49271291,4.2898364,0,0,0.921,0.764
2000,Canada,0.5016532,4.1639485,0,0,0.922,0.765
2001,Canada,0.49823913,0.77436674,0,0,0.931,0.761
2002,Canada,0.50019324,1.8852601,0,0,0.931,0.754
2003,Canada,0.5030206,0.8928535,0,0,0.931,0.754
2004,Canada,0.5070638,2.134964,0,0,0.93,0.758
2005,Canada,0.5103824,2.2402546,0,0,0.929,0.758
2006,Canada,0.5138935,1.6061782,0,0,0.943,0.765
2007,Canada,0.51389337,1.0636587,0,0,0.944,0.767
2008,Canada,0.507249,-0.092379645,0,0,0.939,0.766
2009,Canada,0.49699602,-4.017257,0,0,0.938,0.765
2010,Canada,0.5020225,1.9509255,0,0,0.938,0.766
2011,Canada,0.50140387,2.1327164,0,0,0.905,0.742
2012,Canada,0.49684063,0.65675765,0,0,0.889,0.737
2013,Canada,0.497511,1.2503396,0,0,0.893,0.746
2014,Canada,0.49464354,1.8444225,0,0,0.888,0.741
2015,Canada,0.49352148,-0.09842322,0,0,0.898,0.745
2016,Canada,0.48261604,-0.09910447,0,0,0.947,0.774
2017,Canada,0.48784274,1.8053057,0,0,0.947,0.777
2018,Canada,0.484474,1.3019651,0,0,0.947,0.773
2019,Canada,0.5141488651526251,0.45534652,0,0,0.95,0.781
2020,Canada,0.5155741464468866,-6.0524735,0,0,0.957,0.761
2021,Canada,0.5169994277411476,4.6828523,0,0,0.955,0.766
2022,Canada,0.49672955,1.9439995,0,0,0.948,0.759
2023,Canada,0.5198499903296705,1.887994869721552,0,0,0.948,0.755
1990,Chile,0.7144195812383901,1.6743186,0,0,0.884,0.635
1991,Chile,0.7152121475851393,6.062941,0,0,0.884,0.751
1992,Chile,0.7160047139318887,9.389369,0,0,0.884,0.751
1993,Chile,0.7167972802786379,4.9434037,0,0,0.888,0.75
1994,Chile,0.717589846625387,3.4611907,0,0,0.952,0.789
1995,Chile,0.7183824129721362,7.3758383,0,0,0.952,0.789
1996,Chile,0.7191749793188854,5.3510075,0,0,0.952,0.789
1997,Chile,0.7199675456656348,5.9863267,0,0,0.952,0.789
1998,Chile,0.720760112012384,2.878669,0,0,0.953,0.789
1999,Chile,0.7215526783591332,-1.4542556,0,0,0.953,0.786
2000,Chile,0.7223452447058824,3.772357,0,0,0.955,0.815
2001,Chile,0.7172893,2.0099366,0,0,0.954,0.815
2002,Chile,0.71236724,2.0861106,0,0,0.951,0.813
2003,Chile,0.70742595,3.6315665,0,0,0.951,0.813
2004,Chile,0.7175464,5.61634,0,0,0.951,0.813
2005,Chile,0.72725606,4.807518,0,0,0.952,0.823
2006,Chile,0.7365793,5.015991,0,0,0.969,0.836
2007,Chile,0.73665786,4.142002,0,0,0.969,0.839
2008,Chile,0.7367391,2.755801,0,0,0.969,0.839
2009,Chile,0.7368414,-2.1283007,0,0,0.969,0.84
2010,Chile,0.74421376,4.788943,0,0,0.971,0.841
2011,Chile,0.7514696,5.176037,0,0,0.971,0.842
2012,Chile,0.74270487,5.125738,0,0,0.97,0.844
2013,Chile,0.73383456,2.3164,0,0,0.969,0.853
2014,Chile,0.7324609,0.7729278,0,0,0.963,0.849
2015,Chile,0.7310707,1.1057584,0,0,0.969,0.844
2016,Chile,0.7277864,0.55029786,0,0,0.969,0.844
2017,Chile,0.7244782,-0.21326645,0,0,0.969,0.851
2018,Chile,0.72102165,2.1390781,0,0,0.965,0.81
2019,Chile,0.717512,-1.0455058,0,0,0.968,0.767
2020,Chile,0.7381965716408668,-7.413627,0,0,0.968,0.765
2021,Chile,0.7389891379876162,10.631881,0,0,0.967,0.782
2022,Chile,0.7139481,1.8627235,0,0,0.957,0.783
2023,Chile,0.7405742706811146,2.060670761784151,0,0,0.956,0.786
1990,Colombia,0.7511654124389402,2.1123984,1,692,0.563,0.323
1991,Colombia,0.7485441272996214,-0.056151386,1,834,0.601,0.396
1992,Colombia,0.7459228421603026,2.0019522,1,1479,0.587,0.43
1993,Colombia,0.7433015570209838,3.3282368,1,267,0.587,0.43
1994,Colombia,0.740680271881665,3.7738671,1,1155,0.579,0.431
1995,Colombia,0.7380589867423462,3.2293053,1,922,0.586,0.433
1996,Colombia,0.7354377016030273,0.21025282,1,1379,0.586,0.431
1997,Colombia,0.7328164164637085,1.6015035,1,801,0.586,0.432
1998,Colombia,0.7301951313243888,-1.15955,1,1595,0.574,0.425
1999,Colombia,0.72757384618507,-5.7944956,1,2056,0.571,0.42
2000,Colombia,0.7249525610457512,1.2710826,1,4250,0.571,0.428
2001,Colombia,0.7177387,0.088483855,1,4563,0.571,0.425
2002,Colombia,0.71773887,0.9426933,1,5706,0.537,0.413
2003,Colombia,0.71184486,2.390448,1,4468,0.531,0.423
2004,Colombia,0.72452,3.839378,1,3118,0.531,0.426
2005,Colombia,0.7142408,3.4068956,1,1674,0.531,0.43
2006,Colombia,0.71207935,5.3397236,1,561,0.584,0.448
2007,Colombia,0.7099341,5.4228477,1,314,0.598,0.46
2008,Colombia,0.70780504,2.0842423,1,236,0.598,0.461
2009,Colombia,0.70297295,0.0016622794,1,397,0.598,0.466
2010,Colombia,0.6996555,3.3237345,1,397,0.633,0.497
2011,Colombia,0.7053869,5.7847,1,198,0.643,0.538
2012,Colombia,0.6889359,2.837889,1,211,0.643,0.537
2013,Colombia,0.68171245,4.098266,1,140,0.643,0.536
2014,Colombia,0.6739795,3.5139534,1,119,0.668,0.546
2015,Colombia,0.6728795,1.9906164,1,130,0.674,0.551
2016,Colombia,0.67170984,1.0022727,1,29,0.664,0.548
2017,Colombia,0.69211304,-0.16195388,1,37,0.666,0.547
2018,Colombia,0.69565904,0.6384396,1,208,0.737,0.537
2019,Colombia,0.7020825,1.3149524,1,106,0.751,0.507
2020,Colombia,0.6725268582593742,-8.605811,1,114,0.748,0.491
2021,Colombia,0.6699055731200545,9.753601,1,250,0.748,0.489
2022,Colombia,0.71688306,6.517462,1,278,0.75,0.557
2023,Colombia,0.6646630028414169,6.341343326979729,1,430,0.737,0.565
1990,Costa Rica,0.6225094180555555,0.95454216,0,0,0.93,0.838
1991,Costa Rica,0.6246733455555553,-0.2965315,0,0,0.933,0.843
1992,Costa Rica,0.6268372730555551,6.488284,0,0,0.933,0.843
1993,Costa Rica,0.629001200555555,4.4732666,0,0,0.933,0.843
1994,Costa Rica,0.6311651280555548,2.009363,0,0,0.934,0.843
1995,Costa Rica,0.6333290555555555,1.7138596,0,0,0.934,0.843
1996,Costa Rica,0.6354929830555553,-0.9607707,0,0,0.934,0.844
1997,Costa Rica,0.6376569105555552,3.1297474,0,0,0.934,0.842
1998,Costa Rica,0.639820838055555,4.8559713,0,0,0.936,0.846
1999,Costa Rica,0.6419847655555548,2.0776145,0,0,0.936,0.846
2000,Costa Rica,0.6441486930555556,1.8388736,0,0,0.936,0.844
2001,Costa Rica,0.6463126205555554,1.6009828,0,0,0.936,0.844
2002,Costa Rica,0.6484765480555552,1.6759375,0,0,0.94,0.848
2003,Costa Rica,0.650640475555555,2.673776,0,0,0.941,0.848
2004,Costa Rica,0.6528044030555549,2.848458,0,0,0.941,0.846
2005,Costa Rica,0.6549683305555556,2.456799,0,0,0.941,0.845
2006,Costa Rica,0.6571322580555554,5.799838,0,0,0.953,0.853
2007,Costa Rica,0.6592961855555552,6.707755,0,0,0.954,0.854
2008,Costa Rica,0.6614601130555551,3.2980113,0,0,0.954,0.854
2009,Costa Rica,0.6636240405555549,-2.203057,0,0,0.954,0.855
2010,Costa Rica,0.6657879680555556,4.012639,0,0,0.955,0.858
2011,Costa Rica,0.6643597,3.1165261,0,0,0.955,0.858
2012,Costa Rica,0.66833526,3.6278124,0,0,0.955,0.859
2013,Costa Rica,0.6774623,1.3195128,0,0,0.955,0.854
2014,Costa Rica,0.6743605,2.414564,0,0,0.957,0.856
2015,Costa Rica,0.680087,2.5731785,0,0,0.958,0.856
2016,Costa Rica,0.68282485,3.1515133,0,0,0.958,0.855
2017,Costa Rica,0.67525524,3.143266,0,0,0.958,0.852
2018,Costa Rica,0.6789044,1.6613083,0,0,0.959,0.837
2019,Costa Rica,0.6878792,1.5352906,0,0,0.959,0.844
2020,Costa Rica,0.6874272430555557,-4.9941015,0,0,0.959,0.847
2021,Costa Rica,0.6895911705555555,7.28965,0,0,0.959,0.846
2022,Costa Rica,0.7225521,4.0092025,0,0,0.944,0.809
2023,Costa Rica,0.6939190255555552,3.887611182885103,0,0,0.943,0.816
1990,Czechia,0.39189970541666674,-10.991785113985133,0,0,0.796,0.717
1991,Czechia,0.39170187140625007,-11.402506,0,0,0.934,0.804
1992,Czechia,0.3439768,-0.60821366,0,0,0.933,0.812
1993,Czechia,0.3913062033854167,-0.04205308,0,0,0.95,0.826
1994,Czechia,0.3911083693750001,2.8721435,0,0,0.95,0.826
1995,Czechia,0.3909105353645834,6.5661335,0,0,0.95,0.826
1996,Czechia,0.39336166,4.3868327,0,0,0.951,0.826
1997,Czechia,0.39051486734375007,-0.41106907,0,0,0.952,0.826
1998,Czechia,0.3903170333333334,-0.26211494,0,0,0.938,0.816
1999,Czechia,0.3901191993229167,1.4877921,0,0,0.926,0.808
2000,Czechia,0.38992136531250005,4.2930713,0,0,0.926,0.806
2001,Czechia,0.38972353130208337,3.4308577,0,0,0.926,0.806
2002,Czechia,0.38952569729166675,1.7659743,0,0,0.94,0.814
2003,Czechia,0.38832733,3.613339,0,0,0.951,0.821
2004,Czechia,0.3975092,4.782366,0,0,0.951,0.823
2005,Czechia,0.38192898,6.454262,0,0,0.951,0.825
2006,Czechia,0.44163382,6.478204,0,0,0.957,0.829
2007,Czechia,0.44562197,4.956085,0,0,0.961,0.83
2008,Czechia,0.37692553,1.8382401,0,0,0.961,0.829
2009,Czechia,0.40523693,-5.198982,0,0,0.961,0.824
2010,Czechia,0.38253498,2.1368804,0,0,0.959,0.813
2011,Czechia,0.39524952,1.5501897,0,0,0.957,0.815
2012,Czechia,0.40070295,-0.9237344,0,0,0.957,0.823
2013,Czechia,0.38486212,-0.079052895,0,0,0.958,0.791
2014,Czechia,0.3412174,2.1545005,0,0,0.958,0.775
2015,Czechia,0.39100876,5.1814027,0,0,0.958,0.776
2016,Czechia,0.3725938,2.3405523,0,0,0.958,0.773
2017,Czechia,0.3743987,4.889722,0,0,0.942,0.737
2018,Czechia,0.37063202,2.8754685,0,0,0.916,0.719
2019,Czechia,0.3861625191145834,2.6249564,0,0,0.904,0.712
2020,Czechia,0.3859646851041667,-5.732527,0,0,0.919,0.721
2021,Czechia,0.38576685109375003,5.4463696,0,0,0.919,0.71
2022,Czechia,0.40781128,0.75566137,0,0,0.948,0.789
2023,Czechia,0.38537118307291673,0.8490807635631485,0,0,0.948,0.805
1990,Denmark,0.33651742,1.3105252,0,0,0.946,0.879
1991,Denmark,0.33423704,1.1308402,0,0,0.948,0.88
1992,Denmark,0.3358503,1.6204208,0,0,0.948,0.88
1993,Denmark,0.34057638,-0.32195994,0,0,0.948,0.88
1994,Denmark,0.345311,4.9773474,0,0,0.948,0.88
1995,Denmark,0.34536737,2.492248,0,0,0.946,0.881
1996,Denmark,0.3443892,2.3194058,0,0,0.946,0.881
1997,Denmark,0.35489935,2.8326645,0,0,0.946,0.881
1998,Denmark,0.3550594,1.8476139,0,0,0.947,0.879
1999,Denmark,0.36781645,2.6079443,0,0,0.948,0.879
2000,Denmark,0.3717876,3.4006846,0,0,0.948,0.879
2001,Denmark,0.35433728,0.4625343,0,0,0.948,0.879
2002,Denmark,0.3482049,0.14588073,0,0,0.95,0.882
2003,Denmark,0.3362124,0.11735817,0,0,0.95,0.882
2004,Denmark,0.35379025,2.403234,0,0,0.95,0.882
2005,Denmark,0.40142432,2.0551105,0,0,0.963,0.893
2006,Denmark,0.40088448,3.5720634,0,0,0.965,0.895
2007,Denmark,0.39629468,0.46273148,0,0,0.965,0.894
2008,Denmark,0.397906,-1.0948421,0,0,0.965,0.894
2009,Denmark,0.3885538,-5.414014,0,0,0.965,0.894
2010,Denmark,0.41618553,1.4194866,0,0,0.965,0.894
2011,Denmark,0.41824773,0.9203937,0,0,0.965,0.894
2012,Denmark,0.41995454,-0.14991608,0,0,0.965,0.897
2013,Denmark,0.43124166,0.51342446,0,0,0.965,0.896
2014,Denmark,0.4373419,1.1054335,0,0,0.965,0.896
2015,Denmark,0.43399087,1.6221663,0,0,0.965,0.895
2016,Denmark,0.43697235,2.443369,0,0,0.966,0.892
2017,Denmark,0.4384457,2.1623552,0,0,0.966,0.889
2018,Denmark,0.4420096281949526,1.4850851,0,0,0.966,0.889
2019,Denmark,0.44628346958078957,1.1306576,0,0,0.963,0.884
2020,Denmark,0.45055731096662477,-2.7086685,0,0,0.961,0.883
2021,Denmark,0.45483115235246174,6.3824444,0,0,0.961,0.882
2022,Denmark,0.5042631,1.925341,0,0,0.961,0.887
2023,Denmark,0.4633788351241339,2.0255179348182946,0,0,0.961,0.883
1990,Estonia,0.5860154672631586,6.50235618730074,0,0,0.709,0.694
1991,Estonia,0.5822980584385968,6.50235618730074,0,0,0.566,0.526
1992,Estonia,0.5785806496140351,6.50235618730074,0,0,0.267,0.384
1993,Estonia,0.5748632407894743,6.50235618730074,0,0,0.948,0.807
1994,Estonia,0.5711458319649125,6.50235618730074,0,0,0.948,0.794
1995,Estonia,0.5674284231403508,6.50235618730074,0,0,0.953,0.803
1996,Estonia,0.56371101431579,6.5027843,0,0,0.953,0.807
1997,Estonia,0.5599936054912282,14.34721,0,0,0.953,0.808
1998,Estonia,0.5562761966666665,5.3469,0,0,0.953,0.808
1999,Estonia,0.5355151,-0.71782446,0,0,0.954,0.807
2000,Estonia,0.54598397,9.556418,0,0,0.954,0.808
2001,Estonia,0.5350126,6.6810336,0,0,0.954,0.808
2002,Estonia,0.55041015,7.4498405,0,0,0.954,0.809
2003,Estonia,0.56853634,8.277712,0,0,0.953,0.808
2004,Estonia,0.54061013,7.4444165,0,0,0.953,0.809
2005,Estonia,0.5619405,10.154995,0,0,0.953,0.809
2006,Estonia,0.5325072,10.414734,0,0,0.953,0.81
2007,Estonia,0.5194507,8.071025,0,0,0.95,0.812
2008,Estonia,0.49871615,-4.8772864,0,0,0.95,0.812
2009,Estonia,0.47110224,-14.464329,0,0,0.95,0.814
2010,Estonia,0.48924902,2.678164,0,0,0.956,0.83
2011,Estonia,0.500619,7.5892115,0,0,0.96,0.832
2012,Estonia,0.5146704,3.5983622,0,0,0.961,0.832
2013,Estonia,0.52160746,1.8201542,0,0,0.953,0.833
2014,Estonia,0.5165876,3.281875,0,0,0.953,0.839
2015,Estonia,0.49273008,1.7862747,0,0,0.966,0.846
2016,Estonia,0.48449257,3.1255383,0,0,0.973,0.859
2017,Estonia,0.48319885,5.664039,0,0,0.975,0.859
2018,Estonia,0.4816743,3.423619,0,0,0.975,0.861
2019,Estonia,0.4782106113508773,3.3549724,0,0,0.967,0.845
2020,Estonia,0.47449320252631644,-0.7472779,0,0,0.962,0.842
2021,Estonia,0.4707757937017547,7.8990326,0,0,0.962,0.848
2022,Estonia,0.5031409,-2.597978,0,0,0.962,0.851
2023,Estonia,0.46334097605263214,-2.3249729141220827,0,0,0.964,0.845
1990,Finland,0.3497685,0.22490995,0,0,0.949,0.817
1991,Finland,0.3279713,-6.3989496,0,0,0.95,0.825
1992,Finland,0.3378082,-3.836533,0,0,0.95,0.825
1993,Finland,0.338597,-1.1414881,0,0,0.95,0.831
1994,Finland,0.38862073,3.5158854,0,0,0.949,0.831
1995,Finland,0.38119578,3.8198762,0,0,0.951,0.832
1996,Finland,0.38624218,3.3276694,0,0,0.952,0.832
1997,Finland,0.4164396,6.0180526,0,0,0.952,0.832
1998,Finland,0.41207537,5.1775913,0,0,0.952,0.832
1999,Finland,0.41258737,4.1375747,0,0,0.951,0.835
2000,Finland,0.42256886,5.553998,0,0,0.951,0.836
2001,Finland,0.42046824,2.3766549,0,0,0.951,0.836
2002,Finland,0.40897036,1.4609287,0,0,0.951,0.836
2003,Finland,0.46585885,1.7608386,0,0,0.951,0.835
2004,Finland,0.45122126,3.6905878,0,0,0.951,0.835
2005,Finland,0.4180351,2.4286892,0,0,0.951,0.835
2006,Finland,0.41788462,3.6289413,0,0,0.965,0.846
2007,Finland,0.418537,4.852313,0,0,0.964,0.845
2008,Finland,0.4312984,0.31588638,0,0,0.964,0.845
2009,Finland,0.41641036,-8.513028,0,0,0.964,0.845
2010,Finland,0.43305162,2.7149668,0,0,0.964,0.845
2011,Finland,0.43070355,2.0733962,0,0,0.966,0.844
2012,Finland,0.42525625,-1.8655912,0,0,0.967,0.844
2013,Finland,0.42198464,-1.3572156,0,0,0.969,0.851
2014,Finland,0.4253187,-0.7761084,0,0,0.969,0.851
2015,Finland,0.4333072,0.21302941,0,0,0.967,0.824
2016,Finland,0.4310343,2.5163798,0,0,0.966,0.821
2017,Finland,0.43583032,2.9505315,0,0,0.966,0.829
2018,Finland,0.4569256244668294,1.0056542,0,0,0.97,0.843
2019,Finland,0.4601695171102973,1.1132691,0,0,0.97,0.839
2020,Finland,0.4634134097537652,-2.495123,0,0,0.967,0.838
2021,Finland,0.46665730239723224,2.6252286,0,0,0.967,0.834
2022,Finland,0.41333947,1.3582966,0,0,0.967,0.832
2023,Finland,0.4731450876841681,1.2711620852961814,0,0,0.957,0.82
1990,France,0.45292696,2.430247,0,0,0.942,0.804
1991,France,0.4487535,0.16314633,0,0,0.942,0.804
1992,France,0.44396672,1.094598,1,0,0.942,0.805
1993,France,0.448152,-1.0594374,0,0,0.941,0.798
1994,France,0.4501034,1.9763923,0,0,0.941,0.803
1995,France,0.45137867,1.7361013,0,0,0.944,0.799
1996,France,0.45002097,1.0517246,1,0,0.945,0.806
1997,France,0.45197982,1.9721192,0,0,0.943,0.804
1998,France,0.45354286,3.205153,0,0,0.942,0.802
1999,France,0.45059896,2.8886986,0,0,0.942,0.802
2000,France,0.4518881,3.212385,0,0,0.942,0.802
2001,France,0.45393625,1.2425272,0,0,0.942,0.802
2002,France,0.44604743,0.40118912,0,0,0.941,0.803
2003,France,0.44799134,0.10940298,0,0,0.941,0.804
2004,France,0.4501561,2.0766249,0,0,0.941,0.804
2005,France,0.44762507,0.9036804,0,0,0.941,0.804
2006,France,0.44482523,1.7410853,0,0,0.941,0.804
2007,France,0.4499952,1.7952363,0,0,0.948,0.809
2008,France,0.45025116,-0.30248383,0,0,0.951,0.817
2009,France,0.43301797,-3.3703973,0,0,0.951,0.817
2010,France,0.4385604,1.4482453,0,0,0.951,0.817
2011,France,0.4447659,1.7006104,0,0,0.951,0.818
2012,France,0.435148,-0.17116134,0,0,0.957,0.822
2013,France,0.4362867,0.058149505,0,0,0.959,0.822
2014,France,0.4373642,0.48456445,0,0,0.959,0.822
2015,France,0.45114803,0.7540243,1,133,0.959,0.822
2016,France,0.45031407,0.8290567,1,87,0.959,0.822
2017,France,0.45206815,1.9949985,1,2,0.958,0.82
2018,France,0.45759127,1.5005391,1,13,0.957,0.805
2019,France,0.44094413554334555,1.495899,0,0,0.957,0.8
2020,France,0.44056160463980465,-7.7910085,0,0,0.955,0.794
2021,France,0.44017907373626375,6.1317616,0,0,0.955,0.795
2022,France,0.46119687,2.1427317,0,0,0.952,0.808
2023,France,0.43941401192918195,2.151622057628089,1,48,0.951,0.81
1990,Germany,0.45408767,4.3516393,1,1,0.98,0.854
1991,Germany,0.4460673,4.34522,0,0,0.98,0.854
1992,Germany,0.4419831,1.1510463,0,0,0.98,0.854
1993,Germany,0.4408911,-1.6256843,0,0,0.98,0.854
1994,Germany,0.43841225,2.0373542,0,0,0.98,0.855
1995,Germany,0.42928857,1.2461419,0,0,0.982,0.859
1996,Germany,0.43875685,0.51443726,0,0,0.982,0.859
1997,Germany,0.45098022,1.6433343,0,0,0.982,0.859
1998,Germany,0.461558,1.9984853,0,0,0.982,0.859
1999,Germany,0.46550488,1.8214281,0,0,0.981,0.859
2000,Germany,0.4676378,2.7732213,0,0,0.981,0.859
2001,Germany,0.47027528,1.5105582,0,0,0.981,0.859
2002,Germany,0.47477594,-0.36562833,0,0,0.981,0.859
2003,Germany,0.4687202,-0.7550772,0,0,0.981,0.858
2004,Germany,0.5150877,1.1970553,0,0,0.981,0.858
2005,Germany,0.46046817,0.7889171,0,0,0.982,0.861
2006,Germany,0.46472102,3.9336104,0,0,0.986,0.872
2007,Germany,0.47997168,3.114246,0,0,0.986,0.872
2008,Germany,0.47793996,1.1520298,0,0,0.986,0.872
2009,Germany,0.47760063,-5.454577,0,0,0.986,0.867
2010,Germany,0.48297474,4.339607,0,0,0.986,0.865
2011,Germany,0.48123276,5.8696356,0,0,0.986,0.869
2012,Germany,0.4823267,0.230161,0,0,0.986,0.869
2013,Germany,0.49485385,0.16387056,0,0,0.978,0.859
2014,Germany,0.498066,1.7843419,0,0,0.97,0.852
2015,Germany,0.49658448,0.61710536,0,0,0.97,0.852
2016,Germany,0.49469298,1.408102,1,12,0.97,0.851
2017,Germany,0.49187487,2.2972062,0,0,0.974,0.847
2018,Germany,0.5028083722649574,0.6782126,0,0,0.974,0.836
2019,Germany,0.5050808814529919,0.8477832,0,0,0.974,0.837
2020,Germany,0.5073533906410255,-3.9053035,0,0,0.974,0.827
2021,Germany,0.5096258998290599,3.120163,0,0,0.969,0.817
2022,Germany,0.4600404,1.0749519,0,0,0.955,0.808
2023,Germany,0.514170918205128,1.1350745120143226,0,0,0.955,0.812
1990,Greece,0.45369422,-1.0522329,0,0,0.936,0.795
1991,Greece,0.4547682,1.8698347,0,0,0.936,0.795
1992,Greece,0.45513383,-0.06629952,0,0,0.936,0.797
1993,Greece,0.4782298,-2.1771502,0,0,0.937,0.798
1994,Greece,0.49589014,1.490559,0,0,0.941,0.798
1995,Greece,0.4902506,1.6238248,0,0,0.941,0.8
1996,Greece,0.49276578,2.409843,0,0,0.94,0.802
1997,Greece,0.5194265,3.970082,0,0,0.938,0.802
1998,Greece,0.52932066,3.3206995,0,0,0.938,0.802
1999,Greece,0.5323194,2.6781,0,0,0.938,0.802
2000,Greece,0.536321,3.4955633,0,0,0.937,0.8
2001,Greece,0.53002673,3.5916526,0,0,0.949,0.808
2002,Greece,0.5153724,3.5426228,0,0,0.949,0.808
2003,Greece,0.49247408,5.5423613,0,0,0.949,0.808
2004,Greece,0.5045888,4.8013787,0,0,0.949,0.809
2005,Greece,0.504751,0.3045681,0,0,0.949,0.809
2006,Greece,0.4945334,5.335602,0,0,0.949,0.809
2007,Greece,0.48494002,3.010984,0,0,0.952,0.808
2008,Greece,0.4586939,-0.5993898,0,0,0.961,0.813
2009,Greece,0.45601895,-4.552117,0,0,0.961,0.814
2010,Greece,0.46799198,-5.5995502,0,0,0.963,0.819
2011,Greece,0.45642242,-10.016281,0,0,0.963,0.82
2012,Greece,0.45933598,-6.5829043,0,0,0.961,0.814
2013,Greece,0.4645604,-1.8065513,0,0,0.96,0.802
2014,Greece,0.489726,1.1472119,0,0,0.96,0.807
2015,Greece,0.48727107,0.4636528,0,0,0.958,0.787
2016,Greece,0.47346595,-0.07242458,0,0,0.958,0.784
2017,Greece,0.46547517,1.2922903,0,0,0.961,0.781
2018,Greece,0.4790012600773299,1.8749032,0,0,0.961,0.775
2019,Greece,0.4783956818355717,1.9868658,0,0,0.961,0.77
2020,Greece,0.47779010359381346,-9.121627,0,0,0.958,0.693
2021,Greece,0.47718452535205524,9.70677,0,0,0.952,0.644
2022,Greece,0.46320945,6.9977446,0,0,0.952,0.606
2023,Greece,0.4759733688685388,6.852484865193078,0,0,0.948,0.582
1990,Hungary,0.3071914,-2.7445354032766986,0,0,0.841,0.716
1991,Hungary,0.32271472,-2.7445354032766986,0,0,0.919,0.756
1992,Hungary,0.33596665,-3.0262356,0,0,0.919,0.756
1993,Hungary,0.34033138,-0.46266523,0,0,0.919,0.756
1994,Hungary,0.34207225,3.0881684,0,0,0.921,0.758
1995,Hungary,0.3231242,1.6309175,0,0,0.923,0.76
1996,Hungary,0.32190216,0.2544742,0,0,0.923,0.76
1997,Hungary,0.33612758,3.3511226,0,0,0.923,0.759
1998,Hungary,0.34523574,4.14204,0,0,0.923,0.758
1999,Hungary,0.3576224,3.3634005,0,0,0.923,0.756
2000,Hungary,0.3780348,4.750948,0,0,0.923,0.756
2001,Hungary,0.35930732,4.3130865,0,0,0.923,0.756
2002,Hungary,0.38670382,5.0399637,0,0,0.921,0.761
2003,Hungary,0.39846197,4.3727803,0,0,0.92,0.766
2004,Hungary,0.39616406,5.2374,0,0,0.92,0.766
2005,Hungary,0.36821383,4.501903,0,0,0.92,0.761
2006,Hungary,0.45015723,4.108054,0,0,0.931,0.745
2007,Hungary,0.50387657,0.43283802,0,0,0.935,0.768
2008,Hungary,0.48372668,1.1809531,0,0,0.935,0.768
2009,Hungary,0.46999475,-6.453067,0,0,0.935,0.769
2010,Hungary,0.42756402,1.3049587,0,0,0.935,0.675
2011,Hungary,0.42088455,2.1558971,0,0,0.922,0.641
2012,Hungary,0.41343755,-0.73892593,0,0,0.922,0.619
2013,Hungary,0.42621323,2.0832407,0,0,0.913,0.574
2014,Hungary,0.42455268,4.5133677,0,0,0.796,0.521
2015,Hungary,0.42545104,3.9542825,0,0,0.755,0.485
2016,Hungary,0.42271662,2.5030534,0,0,0.755,0.474
2017,Hungary,0.42289916,4.5495634,0,0,0.752,0.439
2018,Hungary,0.4267738,5.496019,0,0,0.66,0.376
2019,Hungary,0.476896664713065,4.9116936,0,0,0.632,0.368
2020,Hungary,0.4824255090354086,-4.3300166,0,0,0.632,0.356
2021,Hungary,0.48795435335775394,7.529707,0,0,0.634,0.35
2022,Hungary,0.44303623,5.2793007,0,0,0.617,0.337
2023,Hungary,0.4990120420024411,5.175545693285843,0,0,0.615,0.325
1990,Iceland,0.4144528,4.083716261915725,0,0,0.94,0.776
1991,Iceland,0.4140909,4.083716261915725,0,0,0.938,0.775
1992,Iceland,0.41430485,4.083716261915725,0,0,0.938,0.775
1993,Iceland,0.41396865,4.083716261915725,0,0,0.938,0.775
1994,Iceland,0.41480964,4.083716261915725,0,0,0.938,0.774
1995,Iceland,0.41349554,4.083716261915725,0,0,0.94,0.78
1996,Iceland,0.41540334,4.0040736,0,0,0.938,0.784
1997,Iceland,0.41747007,4.908674,0,0,0.936,0.78
1998,Iceland,0.41987714,6.2192307,0,0,0.936,0.78
1999,Iceland,0.4226115,2.7844687,0,0,0.937,0.782
2000,Iceland,0.4217569,3.557391,0,0,0.937,0.782
2001,Iceland,0.43543038,2.64,0,0,0.937,0.782
2002,Iceland,0.44069785,-0.3340775,0,0,0.937,0.782
2003,Iceland,0.43444788,1.4377962,0,0,0.939,0.783
2004,Iceland,0.41973072,6.8601055,0,0,0.94,0.783
2005,Iceland,0.42497593,4.457829,0,0,0.939,0.779
2006,Iceland,0.43506986,3.8503487,0,0,0.939,0.779
2007,Iceland,0.4595082,5.745281,0,0,0.95,0.789
2008,Iceland,0.4026173,0.3264001,0,0,0.956,0.798
2009,Iceland,0.38439417,-7.9783626,0,0,0.956,0.8
2010,Iceland,0.37623683,-2.6928477,0,0,0.956,0.799
2011,Iceland,0.37948316,1.5351472,0,0,0.956,0.799
2012,Iceland,0.38118455,0.5273044,0,0,0.956,0.795
2013,Iceland,0.3988399,3.5681758,0,0,0.952,0.782
2014,Iceland,0.39712393,0.56220937,0,0,0.951,0.781
2015,Iceland,0.39718792,3.3541453,0,0,0.951,0.785
2016,Iceland,0.3930715,4.8382993,0,0,0.953,0.78
2017,Iceland,0.39811751084444413,1.7794101,0,0,0.938,0.783
2018,Iceland,0.39706150387350414,2.1173732,0,0,0.954,0.798
2019,Iceland,0.39600549690256415,-0.35423338,0,0,0.946,0.779
2020,Iceland,0.3949494899316237,-8.709484,0,0,0.932,0.777
2021,Iceland,0.3938934829606837,2.8084884,0,0,0.931,0.744
2022,Iceland,0.38142487,4.575967,0,0,0.901,0.733
2023,Iceland,0.3917814690188033,4.475464405171903,0,0,0.914,0.744
1990,Ireland,0.42219132,8.375007,0,0,0.929,0.762
1991,Ireland,0.4360226,1.3452988,0,0,0.928,0.784
1992,Ireland,0.44383052,2.6406074,0,0,0.928,0.79
1993,Ireland,0.4360567,2.180591,0,0,0.926,0.789
1994,Ireland,0.44849685,5.3397713,0,0,0.926,0.789
1995,Ireland,0.45003796,9.07377,0,0,0.926,0.789
1996,Ireland,0.4263849,6.5333138,0,0,0.926,0.794
1997,Ireland,0.44156277,9.913985,0,0,0.933,0.807
1998,Ireland,0.46015286,7.637504,0,0,0.938,0.811
1999,Ireland,0.4582766,9.29088,0,0,0.938,0.811
2000,Ireland,0.4675049,7.9548063,0,0,0.938,0.816
2001,Ireland,0.46234187,3.64247,0,0,0.938,0.816
2002,Ireland,0.45953545,4.1297555,0,0,0.937,0.816
2003,Ireland,0.46480715,1.3493872,0,0,0.937,0.816
2004,Ireland,0.47480416,4.8534575,0,0,0.937,0.816
2005,Ireland,0.47532132,3.4609406,0,0,0.937,0.816
2006,Ireland,0.48430994,2.1951897,0,0,0.937,0.816
2007,Ireland,0.4870308,2.309231,0,0,0.948,0.822
2008,Ireland,0.45669857,-6.411646,0,0,0.955,0.827
2009,Ireland,0.43913713,-6.054812,0,0,0.955,0.827
2010,Ireland,0.44817287,1.1304241,0,0,0.955,0.827
2011,Ireland,0.45249242,0.84005624,0,0,0.95,0.825
2012,Ireland,0.4485921,-0.551991,0,0,0.949,0.826
2013,Ireland,0.46261647,0.64327335,0,0,0.949,0.83
2014,Ireland,0.46944398,8.036358,0,0,0.949,0.83
2015,Ireland,0.48620647,23.304693,0,0,0.949,0.83
2016,Ireland,0.4833658,0.6232521,0,0,0.936,0.823
2017,Ireland,0.47301826,8.127668,0,0,0.934,0.826
2018,Ireland,0.47521532,7.1347733,0,0,0.937,0.828
2019,Ireland,0.47963159107855136,3.8674507,0,0,0.939,0.825
2020,Ireland,0.4810312634839238,5.5256124,0,0,0.935,0.826
2021,Ireland,0.4824309358892962,14.032287,0,0,0.948,0.834
2022,Ireland,0.524745,7.426582,0,0,0.948,0.827
2023,Ireland,0.48523028070004104,7.395210622519515,0,0,0.953,0.831
1990,Israel,0.6101653450669366,3.059536758557366,1,2,0.913,0.695
1991,Israel,0.6102854081707729,3.059536758557366,1,7,0.913,0.697
1992,Israel,0.595894,3.059536758557366,1,2,0.911,0.692
1993,Israel,0.6105255343784453,3.059536758557366,1,18,0.909,0.694
1994,Israel,0.6106455974822815,3.059536758557366,1,51,0.909,0.699
1995,Israel,0.6107656605861177,3.059536758557366,1,26,0.909,0.699
1996,Israel,0.6108857236899539,3.1926167,1,51,0.909,0.698
1997,Israel,0.6047011,1.2294816,0,0,0.91,0.698
1998,Israel,0.6111258498976263,1.7615775,1,0,0.91,0.698
1999,Israel,0.6112459130014625,0.7324687,0,0,0.912,0.698
2000,Israel,0.6113659761052987,5.8377943,1,2,0.914,0.701
2001,Israel,0.61012024,-2.003266,1,124,0.914,0.691
2002,Israel,0.6116061023129711,-2.1058552,1,309,0.914,0.691
2003,Israel,0.6117261654168074,-0.42034647,1,141,0.914,0.687
2004,Israel,0.6118462285206435,2.9485464,1,98,0.914,0.687
2005,Israel,0.6119662916244797,2.3143861,1,51,0.914,0.687
2006,Israel,0.6227681,3.7325726,1,293,0.917,0.692
2007,Israel,0.62275416,4.1665826,1,18,0.917,0.69
2008,Israel,0.6240791,1.433023,1,21,0.917,0.69
2009,Israel,0.62538487,-1.4996059,1,25,0.912,0.689
2010,Israel,0.6266721,3.755737,1,4,0.911,0.675
2011,Israel,0.62262726,3.6282032,1,3,0.911,0.675
2012,Israel,0.6186933,0.71110576,1,1,0.911,0.675
2013,Israel,0.6087857,2.48512,0,0,0.902,0.662
2014,Israel,0.59969497,1.9433771,1,125,0.901,0.662
2015,Israel,0.5966268,0.47526917,1,4,0.891,0.659
2016,Israel,0.59364897,2.4926436,0,0,0.889,0.652
2017,Israel,0.6134070488705141,2.2744298,0,0,0.889,0.638
2018,Israel,0.6135271119743504,2.0844705,1,6,0.881,0.627
2019,Israel,0.6136471750781866,2.1866736,1,2,0.84,0.627
2020,Israel,0.6137672381820227,-3.5730374,0,0,0.882,0.645
2021,Israel,0.613887301285859,6.8005157,1,24,0.88,0.657
2022,Israel,0.59364897,4.7526774,0,0,0.876,0.656
2023,Israel,0.6141274274935313,4.677104967647802,1,1288,0.876,0.634
1990,Italy,0.44379115,1.9004399,0,0,0.896,0.735
1991,Italy,0.44270968,1.4681756,0,0,0.896,0.739
1992,Italy,0.44631407,0.7658076,0,0,0.896,0.75
1993,Italy,0.447859,-0.9134017,1,0,0.907,0.755
1994,Italy,0.4530234,2.1302154,0,0,0.898,0.75
1995,Italy,0.46169734,2.8852024,0,0,0.894,0.751
1996,Italy,0.4664098,1.2383283,0,0,0.904,0.755
1997,Italy,0.46880138,1.7763512,0,0,0.909,0.763
1998,Italy,0.47294083,1.7813244,0,0,0.909,0.763
1999,Italy,0.47494996,1.6086347,0,0,0.909,0.763
2000,Italy,0.48148593,3.7399466,0,0,0.909,0.759
2001,Italy,0.48492613,1.894124,0,0,0.913,0.75
2002,Italy,0.4812788,0.104759514,0,0,0.916,0.755
2003,Italy,0.49164107,-0.3055088,0,0,0.916,0.757
2004,Italy,0.50170195,0.7693177,0,0,0.916,0.757
2005,Italy,0.49359152,0.32365623,0,0,0.916,0.762
2006,Italy,0.4951954,1.4851574,0,0,0.919,0.779
2007,Italy,0.49621493,0.9759221,0,0,0.92,0.787
2008,Italy,0.4826407,-1.6159406,0,0,0.924,0.771
2009,Italy,0.48336828,-5.7115083,0,0,0.926,0.769
2010,Italy,0.49068344,1.4009154,0,0,0.926,0.77
2011,Italy,0.49663886,0.53428745,0,0,0.926,0.783
2012,Italy,0.50238323,-3.2420602,0,0,0.926,0.793
2013,Italy,0.50591934,-2.9724038,0,0,0.935,0.783
2014,Italy,0.5038951,-0.9178139,0,0,0.937,0.783
2015,Italy,0.5127644893202898,0.8754774,0,0,0.937,0.783
2016,Italy,0.5153576422637682,1.4656905,0,0,0.937,0.792
2017,Italy,0.5179507952072466,1.8203338,0,0,0.94,0.793
2018,Italy,0.520543948150725,1.1178166,0,0,0.94,0.79
2019,Italy,0.5231371010942025,1.6485034,0,0,0.94,0.781
2020,Italy,0.5257302540376809,-8.529728,0,0,0.94,0.774
2021,Italy,0.5283234069811593,8.873669,0,0,0.94,0.775
2022,Italy,0.531018,4.063751,0,0,0.942,0.769
2023,Italy,0.5335097128681161,4.018928714350782,0,0,0.946,0.757
1990,Japan,0.51766425,4.4936614,0,0,0.92,0.759
1991,Japan,0.50680846,3.1174946,0,0,0.921,0.76
1992,Japan,0.4737104,0.526745,0,0,0.921,0.76
1993,Japan,0.47877988,-0.78137624,0,0,0.921,0.761
1994,Japan,0.48207876,0.8015597,0,0,0.921,0.764
1995,Japan,0.49212873,2.3905196,0,0,0.921,0.764
1996,Japan,0.5024501,2.9001412,0,0,0.919,0.763
1997,Japan,0.5008511,0.74090594,0,0,0.915,0.758
1998,Japan,0.503185,-1.5382441,0,0,0.915,0.758
1999,Japan,0.5088143,-0.5157406,0,0,0.915,0.758
2000,Japan,0.51961315,2.592891,0,0,0.918,0.762
2001,Japan,0.5293795,0.14451168,0,0,0.921,0.765
2002,Japan,0.5382185,-0.19039202,0,0,0.921,0.765
2003,Japan,0.54464453,1.318092,0,0,0.92,0.765
2004,Japan,0.55309385,2.1517234,0,0,0.919,0.765
2005,Japan,0.55409694,1.7943398,0,0,0.922,0.768
2006,Japan,0.5548553,1.3081272,0,0,0.929,0.776
2007,Japan,0.556275,1.3674223,0,0,0.929,0.776
2008,Japan,0.5478853,-1.27211,0,0,0.929,0.773
2009,Japan,0.5336196,-5.6814523,0,0,0.929,0.775
2010,Japan,0.53848046,4.079223,0,0,0.929,0.773
2011,Japan,0.5353215,0.2092518,0,0,0.929,0.773
2012,Japan,0.53542095,1.5367867,0,0,0.929,0.77
2013,Japan,0.53682834,2.1523712,0,0,0.93,0.745
2014,Japan,0.5364411,0.42938113,0,0,0.93,0.743
2015,Japan,0.53767514,1.6684651,0,0,0.925,0.742
2016,Japan,0.5368879,0.8053628,0,0,0.925,0.742
2017,Japan,0.5364195,1.7586118,0,0,0.927,0.74
2018,Japan,0.5364195,0.7711685,0,0,0.939,0.758
2019,Japan,0.5364196,-0.26217082,0,0,0.939,0.755
2020,Japan,0.5364195,-3.8647096,0,0,0.939,0.746
2021,Japan,0.5364195,3.0321307,0,0,0.938,0.729
2022,Japan,0.5364195,1.4038224,0,0,0.928,0.728
2023,Japan,0.5603900990952906,1.3862371757622318,0,0,0.928,0.731
1990,Latvia,0.4978209889971015,3.789081794032738,0,0,0.542,0.448
1991,Latvia,0.4971316073144927,3.789081794032738,1,3,0.686,0.495
1992,Latvia,0.4964422256318841,3.789081794032738,0,0,0.686,0.567
1993,Latvia,0.4957528439492753,3.789081794032738,0,0,0.785,0.632
1994,Latvia,0.45415574,3.789081794032738,0,0,0.865,0.68
1995,Latvia,0.46068677,3.789081794032738,0,0,0.861,0.678
1996,Latvia,0.48313847,3.7500734,0,0,0.848,0.682
1997,Latvia,0.4876763,9.927183,0,0,0.879,0.698
1998,Latvia,0.49525943,7.3433414,0,0,0.881,0.697
1999,Latvia,0.4965296,3.5959828,0,0,0.886,0.701
2000,Latvia,0.495392,6.6993127,0,0,0.886,0.704
2001,Latvia,0.493347,7.705568,0,0,0.886,0.704
2002,Latvia,0.5053507,8.339575,0,0,0.889,0.709
2003,Latvia,0.5108699,9.475741,0,0,0.897,0.715
2004,Latvia,0.5104278,9.472337,0,0,0.897,0.717
2005,Latvia,0.5281554,11.923266,0,0,0.897,0.712
2006,Latvia,0.49758175,13.003648,0,0,0.882,0.706
2007,Latvia,0.5295079,10.842913,0,0,0.832,0.69
2008,Latvia,0.5173005,-2.2269657,0,0,0.832,0.689
2009,Latvia,0.5007489,-12.832803,0,0,0.832,0.696
2010,Latvia,0.47321728,-2.4461577,0,0,0.846,0.704
2011,Latvia,0.45697492,4.458447,0,0,0.891,0.728
2012,Latvia,0.45244506,8.378223,0,0,0.898,0.733
2013,Latvia,0.46534106,3.1063795,0,0,0.902,0.753
2014,Latvia,0.45740035,2.8663626,0,0,0.904,0.758
2015,Latvia,0.47572732,4.7391825,0,0,0.913,0.764
2016,Latvia,0.4617493,3.3084345,0,0,0.908,0.755
2017,Latvia,0.4822703,4.232116,0,0,0.908,0.75
2018,Latvia,0.4817802,4.803914,0,0,0.892,0.752
2019,Latvia,0.4778289202014492,1.2892627,0,0,0.892,0.749
2020,Latvia,0.4771395385188406,-2.8348527,0,0,0.892,0.745
2021,Latvia,0.4764501568362318,7.635604,0,0,0.89,0.744
2022,Latvia,0.47657734,3.6393383,0,0,0.911,0.742
2023,Latvia,0.47507139347101446,3.8952136170283653,0,0,0.935,0.768
1990,Lithuania,0.44869011629446653,6.02041089611117,0,0,0.788,0.728
1991,Lithuania,0.45081068219367637,6.02041089611117,1,15,0.925,0.715
1992,Lithuania,0.4529312480928853,6.02041089611117,0,0,0.912,0.734
1993,Lithuania,0.45505181399209516,6.02041089611117,0,0,0.933,0.743
1994,Lithuania,0.49288404,6.02041089611117,0,0,0.936,0.76
1995,Lithuania,0.47942984,6.02041089611117,0,0,0.936,0.76
1996,Lithuania,0.46780518,5.961077,0,0,0.936,0.758
1997,Lithuania,0.45385668,9.113028,0,0,0.934,0.764
1998,Lithuania,0.44985867,8.257179,0,0,0.92,0.757
1999,Lithuania,0.44222072,-0.43768722,0,0,0.92,0.757
2000,Lithuania,0.4624328,4.427476,0,0,0.918,0.76
2001,Lithuania,0.46562576,7.40752,0,0,0.91,0.761
2002,Lithuania,0.4579924,7.6118274,0,0,0.91,0.761
2003,Lithuania,0.45930392,11.467717,0,0,0.912,0.756
2004,Lithuania,0.4889944,7.773001,0,0,0.903,0.763
2005,Lithuania,0.49266204,9.501044,0,0,0.896,0.765
2006,Lithuania,0.47270054,9.142617,0,0,0.896,0.764
2007,Lithuania,0.49466276,12.43525,0,0,0.896,0.765
2008,Lithuania,0.49679488,3.675241,0,0,0.904,0.767
2009,Lithuania,0.49719805,-13.8877535,0,0,0.935,0.788
2010,Lithuania,0.47111052,3.8053155,0,0,0.938,0.793
2011,Lithuania,0.4699183,8.461109,0,0,0.938,0.79
2012,Lithuania,0.4932589,5.2460027,0,0,0.931,0.784
2013,Lithuania,0.50133806,4.6033278,0,0,0.916,0.774
2014,Lithuania,0.5346485,4.4310875,0,0,0.93,0.775
2015,Lithuania,0.50438195,2.988913,0,0,0.938,0.782
2016,Lithuania,0.502389,3.8298414,0,0,0.924,0.769
2017,Lithuania,0.51223934,5.7510467,0,0,0.913,0.75
2018,Lithuania,0.5080659614723322,4.990354,0,0,0.919,0.754
2019,Lithuania,0.5101865273715411,4.9431,0,0,0.926,0.755
2020,Lithuania,0.512307093270751,-0.051369086,0,0,0.916,0.755
2021,Lithuania,0.5144276591699608,6.058771,0,0,0.898,0.739
2022,Lithuania,0.61700785,1.3259242,0,0,0.898,0.741
2023,Lithuania,0.5186687909683796,1.5184542163836774,0,0,0.908,0.735
1990,Luxembourg,0.495222223534419,4.00981,0,0,0.945,0.793
1991,Luxembourg,0.43861267,7.198406,0,0,0.945,0.793
1992,Luxembourg,0.49415650415824075,0.476077,0,0,0.945,0.793
1993,Luxembourg,0.4936236444701516,2.8112214,0,0,0.945,0.793
1994,Luxembourg,0.48334962,2.416629,0,0,0.944,0.792
1995,Luxembourg,0.49255792509397334,0.017299922,0,0,0.943,0.791
1996,Luxembourg,0.4920250654058842,0.027251339,0,0,0.943,0.791
1997,Luxembourg,0.501553,4.106641,0,0,0.943,0.791
1998,Luxembourg,0.4909593460297059,5.3558373,0,0,0.943,0.791
1999,Luxembourg,0.4904264863416168,6.7239666,0,0,0.945,0.792
2000,Luxembourg,0.5259284,5.5104094,0,0,0.946,0.793
2001,Luxembourg,0.48936076696543873,1.8545747,0,0,0.946,0.793
2002,Luxembourg,0.4888279072773496,2.1496098,0,0,0.946,0.793
2003,Luxembourg,0.48829504758926046,1.3798933,0,0,0.946,0.793
2004,Luxembourg,0.51503307,2.760888,0,0,0.946,0.791
2005,Luxembourg,0.5182109,0.92676574,0,0,0.946,0.789
2006,Luxembourg,0.49073124,4.3391085,0,0,0.946,0.789
2007,Luxembourg,0.5156389,6.4420314,0,0,0.946,0.789
2008,Luxembourg,0.50618064,-2.066474,0,0,0.946,0.789
2009,Luxembourg,0.475132,-5.014263,0,0,0.95,0.794
2010,Luxembourg,0.46896926,1.8835473,0,0,0.953,0.798
2011,Luxembourg,0.467155,-1.1767979,0,0,0.953,0.798
2012,Luxembourg,0.4941845,-0.7621834,0,0,0.953,0.798
2013,Luxembourg,0.47382975,0.8146523,0,0,0.953,0.797
2014,Luxembourg,0.47252685,0.23256443,0,0,0.953,0.795
2015,Luxembourg,0.44964087,-0.1154763,0,0,0.953,0.795
2016,Luxembourg,0.46673825,2.7397919,0,0,0.953,0.795
2017,Luxembourg,0.48593146,-1.116113,0,0,0.953,0.795
2018,Luxembourg,0.4803021522679236,-0.7143259,0,0,0.953,0.797
2019,Luxembourg,0.47976929257983447,0.91546583,0,0,0.954,0.798
2020,Luxembourg,0.47923643289174533,-2.547346,0,0,0.954,0.791
2021,Luxembourg,0.4787035732036562,5.553502,0,0,0.954,0.79
2022,Luxembourg,0.4417632,-0.6438383,0,0,0.954,0.794
2023,Luxembourg,0.47763785382747814,-0.35854501233694525,0,0,0.952,0.798
1990,Mexico,0.6796246350085999,3.3353076,1,10,0.358,0.191
1991,Mexico,0.6825674884554518,1.9411261,1,1,0.413,0.202
1992,Mexico,0.6855103419023045,1.5682759,0,0,0.507,0.216
1993,Mexico,0.6884531953491573,0.9018864,1,27,0.517,0.221
1994,Mexico,0.6913960487960091,2.424821,1,145,0.531,0.261
1995,Mexico,0.6943389022428619,-7.6412444,1,1,0.555,0.278
1996,Mexico,0.6972817556897146,4.342987,1,37,0.625,0.291
1997,Mexico,0.7002246091365665,5.3622,1,45,0.731,0.349
1998,Mexico,0.7031674625834192,4.410022,0,0,0.798,0.377
1999,Mexico,0.706110316030272,1.0830368,0,0,0.798,0.383
2000,Mexico,0.7090531694771238,3.3781576,0,0,0.819,0.488
2001,Mexico,0.6978124,-1.9740609,0,0,0.826,0.492
2002,Mexico,0.6978124,-1.7419727,1,26,0.826,0.498
2003,Mexico,0.7127142,-0.3083518,0,0,0.847,0.504
2004,Mexico,0.7276163,2.0545182,1,212,0.869,0.51
2005,Mexico,0.72423154,0.6639102,1,204,0.869,0.51
2006,Mexico,0.72084695,3.388757,1,669,0.788,0.48
2007,Mexico,0.7383862,0.7430812,1,1938,0.718,0.458
2008,Mexico,0.7559254,-0.32808608,1,3840,0.73,0.459
2009,Mexico,0.74912727,-7.4470015,1,5600,0.747,0.464
2010,Mexico,0.742329,3.5880027,1,6202,0.76,0.467
2011,Mexico,0.7485841,1.9777285,1,4959,0.76,0.467
2012,Mexico,0.7548391,2.117023,1,5902,0.739,0.461
2013,Mexico,0.75262934,-0.46757257,1,4486,0.73,0.422
2014,Mexico,0.7504196,1.23908,1,3292,0.74,0.423
2015,Mexico,0.74600774,1.5107447,1,4484,0.731,0.43
2016,Mexico,0.7416134,0.6256828,1,4275,0.727,0.431
2017,Mexico,0.74895805,0.77700967,1,9716,0.739,0.443
2018,Mexico,0.756332,1.0062488,1,11883,0.774,0.45
2019,Mexico,0.7525631,-1.1323416,1,11942,0.799,0.434
2020,Mexico,0.7679102384141725,-9.313502,1,15095,0.803,0.407
2021,Mexico,0.7708530918610252,5.2474036,1,16833,0.761,0.368
2022,Mexico,0.74880934,3.2471676,1,14289,0.711,0.326
2023,Mexico,0.7767387987547298,3.2128385503684123,1,13806,0.673,0.299
1990,Netherlands,0.3951923,3.4682777,1,2,0.953,0.817
1991,Netherlands,0.38993618,1.6350546,0,0,0.953,0.817
1992,Netherlands,0.38929132,0.940015,0,0,0.953,0.817
1993,Netherlands,0.39416027,0.55424964,0,0,0.953,0.817
1994,Netherlands,0.40345687,2.3421683,0,0,0.953,0.814
1995,Netherlands,0.4121327,2.6079733,0,0,0.953,0.812
1996,Netherlands,0.41821933,3.0223033,0,0,0.953,0.812
1997,Netherlands,0.41780132,3.7933817,0,0,0.953,0.814
1998,Netherlands,0.409628,4.020503,0,0,0.953,0.804
1999,Netherlands,0.41584653,4.337374,0,0,0.953,0.82
2000,Netherlands,0.41037825,3.4535382,0,0,0.953,0.815
2001,Netherlands,0.42630705,1.5574582,0,0,0.953,0.815
2002,Netherlands,0.42359105,-0.42036775,0,0,0.947,0.809
2003,Netherlands,0.43124917,-0.31578985,0,0,0.952,0.817
2004,Netherlands,0.4544967,1.631188,0,0,0.953,0.817
2005,Netherlands,0.42645195,1.8126992,0,0,0.953,0.817
2006,Netherlands,0.42829624,3.2949498,0,0,0.958,0.821
2007,Netherlands,0.442408,3.5473595,0,0,0.969,0.826
2008,Netherlands,0.408491,1.7733567,0,0,0.969,0.826
2009,Netherlands,0.40548235,-4.1610384,0,0,0.969,0.826
2010,Netherlands,0.4227399,0.8242599,0,0,0.97,0.831
2011,Netherlands,0.42424884,1.0786283,0,0,0.972,0.832
2012,Netherlands,0.4199164,-1.3959193,0,0,0.972,0.83
2013,Netherlands,0.41582492,-0.4241787,0,0,0.973,0.832
2014,Netherlands,0.42551997,1.0591012,0,0,0.973,0.835
2015,Netherlands,0.42479676,1.5082662,0,0,0.973,0.835
2016,Netherlands,0.423866,1.6493156,0,0,0.973,0.835
2017,Netherlands,0.43291485,2.3042848,0,0,0.972,0.834
2018,Netherlands,0.43346064071835544,1.7649373,0,0,0.971,0.834
2019,Netherlands,0.4345562158526657,1.2898891,0,0,0.971,0.821
2020,Netherlands,0.43565179098697593,-4.4185557,0,0,0.966,0.813
2021,Netherlands,0.4367473661212862,5.6374054,0,0,0.954,0.812
2022,Netherlands,0.44641772,3.3390982,0,0,0.95,0.802
2023,Netherlands,0.4389385163899062,3.3562637685635863,0,0,0.951,0.8
1990,New Zealand,0.50491595,-0.7672409,0,0,0.925,0.812
1991,New Zealand,0.49468288,-5.7686815,0,0,0.926,0.809
1992,New Zealand,0.5066905,0.046169743,0,0,0.926,0.809
1993,New Zealand,0.51255816,5.18531,0,0,0.938,0.819
1994,New Zealand,0.51155305,3.7312095,0,0,0.937,0.82
1995,New Zealand,0.51054704,3.1997423,0,0,0.937,0.82
1996,New Zealand,0.4994827,1.9886973,0,0,0.947,0.823
1997,New Zealand,0.5093626,0.74830437,0,0,0.946,0.831
1998,New Zealand,0.5252435,-0.031851012,0,0,0.946,0.831
1999,New Zealand,0.48680285,4.823086,0,0,0.946,0.831
2000,New Zealand,0.45505422,2.2686803,0,0,0.947,0.833
2001,New Zealand,0.46499774,2.8032875,0,0,0.947,0.833
2002,New Zealand,0.46553335,2.910607,0,0,0.947,0.831
2003,New Zealand,0.4685801,2.6818607,0,0,0.947,0.829
2004,New Zealand,0.46784037,2.553406,0,0,0.947,0.829
2005,New Zealand,0.44774768,2.1932504,0,0,0.945,0.83
2006,New Zealand,0.38760948,1.5529724,0,0,0.941,0.831
2007,New Zealand,0.40892735,2.108597,0,0,0.941,0.831
2008,New Zealand,0.37805843,-2.04559,0,0,0.945,0.833
2009,New Zealand,0.43497324,-1.1057003,0,0,0.965,0.846
2010,New Zealand,0.4332023,0.344966,0,0,0.968,0.847
2011,New Zealand,0.44902214,1.4451249,0,0,0.968,0.844
2012,New Zealand,0.4683457,1.7138835,0,0,0.97,0.842
2013,New Zealand,0.45541993,1.9783545,0,0,0.97,0.836
2014,New Zealand,0.4564046,2.1007679,0,0,0.97,0.833
2015,New Zealand,0.459491,1.6456783,0,0,0.969,0.837
2016,New Zealand,0.45352983,1.4963245,0,0,0.969,0.837
2017,New Zealand,0.4603487,1.3845015,0,0,0.969,0.833
2018,New Zealand,0.4617969,1.6873081,0,0,0.967,0.844
2019,New Zealand,0.41562573853886864,0.82880485,0,0,0.967,0.842
2020,New Zealand,0.41239730856328904,-2.8203225,0,0,0.966,0.836
2021,New Zealand,0.40916887858770945,4.731654,0,0,0.964,0.825
2022,New Zealand,0.47081438,2.596186,0,0,0.964,0.829
2023,New Zealand,0.4027120186365494,2.562480073521064,0,0,0.96,0.831
1990,Norway,0.32534218,1.5820929,0,0,0.94,0.845
1991,Norway,0.32444727,2.594406,0,0,0.94,0.845
1992,Norway,0.32802185,2.9783695,0,0,0.94,0.845
1993,Norway,0.34928444,2.2348363,0,0,0.94,0.846
1994,Norway,0.36553058,4.4588013,0,0,0.939,0.848
1995,Norway,0.36538732,3.616295,0,0,0.939,0.848
1996,Norway,0.38293287,4.496944,0,0,0.939,0.848
1997,Norway,0.3973264,4.715277,0,0,0.939,0.848
1998,Norway,0.3733649,2.059203,0,0,0.939,0.848
1999,Norway,0.38361296,1.3754869,0,0,0.939,0.848
2000,Norway,0.41339245,2.6505308,0,0,0.939,0.857
2001,Norway,0.38912,1.5519276,0,0,0.939,0.858
2002,Norway,0.39249086,0.8323087,0,0,0.94,0.859
2003,Norway,0.40003073,0.35456747,0,0,0.94,0.859
2004,Norway,0.40753993,3.4017463,0,0,0.94,0.859
2005,Norway,0.41501853,1.9881384,0,0,0.943,0.861
2006,Norway,0.42246678,1.6395701,0,0,0.948,0.863
2007,Norway,0.4235348,1.8546433,0,0,0.948,0.863
2008,Norway,0.42478445,-0.762648,0,0,0.948,0.863
2009,Norway,0.39668006,-3.1692562,0,0,0.95,0.865
2010,Norway,0.41330087,-0.46063125,0,0,0.955,0.869
2011,Norway,0.41738814,-0.19740595,0,0,0.955,0.867
2012,Norway,0.42115453,1.3776408,0,0,0.955,0.867
2013,Norway,0.4158185,-0.19788322,0,0,0.956,0.852
2014,Norway,0.41451892,0.90376264,0,0,0.958,0.856
2015,Norway,0.40167856,0.8487991,0,0,0.966,0.864
2016,Norway,0.40101993,0.2774078,0,0,0.966,0.864
2017,Norway,0.40604216,1.6395072,0,0,0.965,0.86
2018,Norway,0.43858871874643857,0.16553016,0,0,0.963,0.849
2019,Norway,0.4417410807122506,0.4434293,0,0,0.963,0.852
2020,Norway,0.44489344267806263,-1.857696,0,0,0.963,0.831
2021,Norway,0.44804580464387467,3.354495,0,0,0.962,0.836
2022,Norway,0.3326726,2.0945444,0,0,0.959,0.835
2023,Norway,0.45435052857549874,2.0824889532274824,0,0,0.959,0.836
1990,Poland,0.3296145,-7.011210494485527,0,0,0.764,0.665
1991,Poland,0.36360285,-7.344791,0,0,0.941,0.782
1992,Poland,0.3628179,2.2010658,0,0,0.953,0.805
1993,Poland,0.37404317,3.4746828,0,0,0.954,0.809
1994,Poland,0.3934653,5.0708556,0,0,0.954,0.811
1995,Poland,0.41405556,6.957603,0,0,0.952,0.81
1996,Poland,0.4304161,6.034847,0,0,0.941,0.803
1997,Poland,0.41782793,6.379349,0,0,0.942,0.793
1998,Poland,0.4264911,4.6031094,0,0,0.953,0.799
1999,Poland,0.42146072,4.6635814,0,0,0.953,0.8
2000,Poland,0.42994252,5.6586747,0,0,0.954,0.802
2001,Poland,0.4366125,1.2865076,0,0,0.958,0.806
2002,Poland,0.44843364,2.0831358,0,0,0.959,0.813
2003,Poland,0.46311048,3.5682685,0,0,0.959,0.813
2004,Poland,0.47332165,5.044291,0,0,0.959,0.813
2005,Poland,0.47982576,3.5523348,0,0,0.962,0.815
2006,Poland,0.5166395,6.198414,0,0,0.972,0.811
2007,Poland,0.493548,7.1196904,0,0,0.97,0.809
2008,Poland,0.5046168,4.185772,0,0,0.963,0.826
2009,Poland,0.5056974,2.7625253,0,0,0.963,0.826
2010,Poland,0.47294113,3.2290492,0,0,0.966,0.827
2011,Poland,0.47705993,4.985722,0,0,0.969,0.828
2012,Poland,0.47233072,1.5454644,0,0,0.97,0.83
2013,Poland,0.47189912,0.9174525,0,0,0.968,0.828
2014,Poland,0.47555667,3.9147055,0,0,0.956,0.82
2015,Poland,0.48143885,4.452884,0,0,0.961,0.778
2016,Poland,0.47914574,2.9977732,0,0,0.96,0.6
2017,Poland,0.47421983,5.126897,0,0,0.945,0.539
2018,Poland,0.48025393,5.9454207,0,0,0.942,0.518
2019,Poland,0.5296807753113537,4.475505,0,0,0.918,0.507
2020,Poland,0.5349712044627584,-1.8483949,0,0,0.752,0.449
2021,Poland,0.540261633614163,7.3654327,0,0,0.736,0.425
2022,Poland,0.4662378,7.9056845,1,2,0.727,0.421
2023,Poland,0.5508424919169705,7.6397545231813915,0,0,0.735,0.444
1990,Portugal,0.44555512,4.1773286,0,0,0.937,0.822
1991,Portugal,0.45920473,4.6090336,0,0,0.937,0.811
1992,Portugal,0.45844027,1.1681033,0,0,0.937,0.811
1993,Portugal,0.4725155,-2.1630206,0,0,0.937,0.811
1994,Portugal,0.4781997,0.6935174,0,0,0.937,0.811
1995,Portugal,0.47947586,3.9223735,0,0,0.937,0.813
1996,Portugal,0.4744829,3.1158059,0,0,0.937,0.82
1997,Portugal,0.47861254,3.935798,0,0,0.937,0.82
1998,Portugal,0.47799757,4.279611,0,0,0.937,0.82
1999,Portugal,0.48196444,3.3205092,0,0,0.938,0.821
2000,Portugal,0.48218694,3.089054,0,0,0.938,0.825
2001,Portugal,0.4962446,1.2272635,0,0,0.945,0.824
2002,Portugal,0.4913445,0.22054249,0,0,0.953,0.83
2003,Portugal,0.4873022,-1.3017421,0,0,0.954,0.83
2004,Portugal,0.4969419,1.5456201,0,0,0.954,0.83
2005,Portugal,0.49336696,0.5950387,0,0,0.97,0.842
2006,Portugal,0.5102511,1.4419364,0,0,0.973,0.846
2007,Portugal,0.5091123,2.305552,0,0,0.973,0.846
2008,Portugal,0.49434832,0.17470056,0,0,0.97,0.844
2009,Portugal,0.4869975,-3.21439,0,0,0.971,0.844
2010,Portugal,0.4925727,1.6909285,0,0,0.973,0.846
2011,Portugal,0.4952638,-1.5514684,0,0,0.968,0.835
2012,Portugal,0.48184755,-3.6675315,0,0,0.967,0.837
2013,Portugal,0.49136958,-0.37739825,0,0,0.968,0.829
2014,Portugal,0.4902401,1.3371199,0,0,0.968,0.829
2015,Portugal,0.48794156,2.2144828,0,0,0.963,0.832
2016,Portugal,0.4878194,2.341823,0,0,0.969,0.832
2017,Portugal,0.48723084,3.7590945,0,0,0.973,0.848
2018,Portugal,0.5032131120736669,3.0141237,0,0,0.973,0.849
2019,Portugal,0.5044604068538869,2.6583927,0,0,0.971,0.82
2020,Portugal,0.5057077016341065,-8.396855,0,0,0.966,0.808
2021,Portugal,0.5069549964143265,5.076695,0,0,0.964,0.817
2022,Portugal,0.47284582,6.3362236,0,0,0.952,0.756
2023,Portugal,0.5094495859747661,6.171702809945413,0,0,0.951,0.751
1990,Slovenia,0.3697241630188035,3.3054949659551,0,0,0.668,0.513
1991,Slovenia,0.3715069386461538,3.3054949659551,1,64,0.919,0.716
1992,Slovenia,0.32679302,3.3054949659551,0,0,0.926,0.767
1993,Slovenia,0.3698145,3.3054949659551,0,0,0.924,0.767
1994,Slovenia,0.35841176,3.3054949659551,0,0,0.924,0.772
1995,Slovenia,0.38572437,3.3054949659551,0,0,0.924,0.767
1996,Slovenia,0.42756718,3.2675653,0,0,0.932,0.773
1997,Slovenia,0.376474,5.1911325,0,0,0.922,0.763
1998,Slovenia,0.39752653,3.5048819,0,0,0.933,0.768
1999,Slovenia,0.3705416,5.2574534,0,0,0.93,0.761
2000,Slovenia,0.37550938,3.3658776,0,0,0.935,0.757
2001,Slovenia,0.3944342,3.0541234,0,0,0.93,0.745
2002,Slovenia,0.38247037,3.377418,0,0,0.935,0.762
2003,Slovenia,0.406716,2.8981972,0,0,0.931,0.756
2004,Slovenia,0.50117743,4.292355,0,0,0.936,0.738
2005,Slovenia,0.41580203,3.618341,0,0,0.932,0.738
2006,Slovenia,0.3790276,5.4094825,0,0,0.925,0.741
2007,Slovenia,0.37962008,6.383589,0,0,0.934,0.742
2008,Slovenia,0.3778358,3.3462796,0,0,0.946,0.742
2009,Slovenia,0.3675562,-8.38032,0,0,0.939,0.794
2010,Slovenia,0.41224524,0.90277135,0,0,0.938,0.796
2011,Slovenia,0.404654,0.65202326,0,0,0.948,0.791
2012,Slovenia,0.41234186,-2.843705,0,0,0.949,0.773
2013,Slovenia,0.4122377,-1.1635209,0,0,0.946,0.787
2014,Slovenia,0.41655946,2.667134,0,0,0.938,0.797
2015,Slovenia,0.41191038,2.133258,0,0,0.942,0.804
2016,Slovenia,0.41355672,3.1163466,0,0,0.942,0.795
2017,Slovenia,0.40842724,4.747106,0,0,0.94,0.774
2018,Slovenia,0.4073313,4.0763164,0,0,0.936,0.761
2019,Slovenia,0.4214246562119661,2.8043504,0,0,0.94,0.743
2020,Slovenia,0.4232074318393164,-4.880092,0,0,0.937,0.672
2021,Slovenia,0.4249902074666667,7.9379163,0,0,0.93,0.626
2022,Slovenia,0.42248502,2.2712393,0,0,0.925,0.729
2023,Slovenia,0.42855575872136775,2.4895265054482274,0,0,0.933,0.653
1990,South Korea,0.36343473,8.800429,0,0,0.744,0.503
1991,South Korea,0.3829534,9.686999,0,0,0.744,0.503
1992,South Korea,0.35483035,5.100782,0,0,0.755,0.519
1993,South Korea,0.35195917,5.7972856,0,0,0.807,0.614
1994,South Korea,0.3490911,8.174764,0,0,0.807,0.621
1995,South Korea,0.34622929,8.517153,0,0,0.807,0.621
1996,South Korea,0.3628872,6.8676243,0,0,0.829,0.627
1997,South Korea,0.35493255,5.17963,0,0,0.84,0.642
1998,South Korea,0.36223167,-5.8118196,0,0,0.918,0.742
1999,South Korea,0.37276223,10.67745,0,0,0.918,0.752
2000,South Korea,0.38309276,8.15269,0,0,0.928,0.762
2001,South Korea,0.3984013,4.0510063,0,0,0.933,0.765
2002,South Korea,0.40861848,7.104333,0,0,0.933,0.769
2003,South Korea,0.41382292,2.61404,0,0,0.942,0.772
2004,South Korea,0.42367223,4.7812862,0,0,0.942,0.77
2005,South Korea,0.43330124,4.087645,0,0,0.943,0.769
2006,South Korea,0.45593795,4.712928,0,0,0.943,0.769
2007,South Korea,0.4489712,5.266361,0,0,0.943,0.766
2008,South Korea,0.47307023,2.2337523,0,0,0.945,0.671
2009,South Korea,0.45630217,0.27526897,0,0,0.945,0.668
2010,South Korea,0.47601897,6.2740197,0,0,0.945,0.67
2011,South Korea,0.47004443,2.891412,0,0,0.945,0.67
2012,South Korea,0.46545166,1.8655995,0,0,0.921,0.654
2013,South Korea,0.45878616,2.696151,0,0,0.892,0.613
2014,South Korea,0.4617634,2.5562196,0,0,0.892,0.605
2015,South Korea,0.43437195,2.2684295,0,0,0.892,0.608
2016,South Korea,0.47850573,2.5391448,0,0,0.922,0.626
2017,South Korea,0.4901103769470083,2.870197,0,0,0.956,0.798
2018,South Korea,0.4956274354632484,2.4622462,0,0,0.961,0.799
2019,South Korea,0.5011444939794867,1.8889146,0,0,0.961,0.783
2020,South Korea,0.5066615524957268,-0.8462122,0,0,0.959,0.79
2021,South Korea,0.512178611011965,4.4888997,0,0,0.958,0.781
2022,South Korea,0.42824537,2.8447347,0,0,0.951,0.731
2023,South Korea,0.5232127280444452,2.8392851486330737,0,0,0.946,0.604
1990,Spain,0.48438114,3.675768,0,0,0.955,0.815
1991,Spain,0.47480306,2.2853248,1,45,0.955,0.815
1992,Spain,0.46678567,0.436115,0,0,0.955,0.815
1993,Spain,0.46038324,-1.5433582,0,0,0.955,0.819
1994,Spain,0.45928428,1.8969069,0,0,0.955,0.818
1995,Spain,0.4713752,2.3049572,0,0,0.955,0.818
1996,Spain,0.45860475,2.2338533,0,0,0.956,0.821
1997,Spain,0.45059392,3.2687669,0,0,0.956,0.821
1998,Spain,0.45374095,3.9619653,0,0,0.956,0.821
1999,Spain,0.4562223,4.0678864,0,0,0.956,0.821
2000,Spain,0.4516204,4.7764006,0,0,0.955,0.816
2001,Spain,0.4441872,3.2141345,0,0,0.955,0.817
2002,Spain,0.44493514,1.2899772,0,0,0.955,0.817
2003,Spain,0.44693103,1.136294,0,0,0.955,0.799
2004,Spain,0.44516012,1.3586487,1,191,0.953,0.805
2005,Spain,0.44905892,1.9157465,0,0,0.952,0.808
2006,Spain,0.4548475,2.3577726,0,0,0.952,0.81
2007,Spain,0.44900468,1.7045716,0,0,0.952,0.808
2008,Spain,0.4494594,-0.70964485,0,0,0.965,0.816
2009,Spain,0.46178713,-4.6117477,0,0,0.968,0.818
2010,Spain,0.4547706,-0.2971789,0,0,0.968,0.823
2011,Spain,0.45275575,-1.1662039,0,0,0.968,0.823
2012,Spain,0.4531705,-3.0219066,0,0,0.966,0.802
2013,Spain,0.4568206,-1.0797412,0,0,0.966,0.78
2014,Spain,0.4588153,1.6993526,0,0,0.966,0.782
2015,Spain,0.46006137,3.9191172,0,0,0.966,0.766
2016,Spain,0.4620796,2.950816,0,0,0.956,0.772
2017,Spain,0.45117748,2.7344751,1,16,0.958,0.761
2018,Spain,0.4495441683862432,1.8374605,0,0,0.963,0.779
2019,Spain,0.4490652864021162,1.2546318,0,0,0.971,0.807
2020,Spain,0.44858640441798925,-11.600189,0,0,0.974,0.792
2021,Spain,0.4481075224338622,6.2906594,0,0,0.972,0.776
2022,Spain,0.45626763,4.9680514,0,0,0.976,0.783
2023,Spain,0.44714975846560834,4.947313089916029,1,2,0.967,0.757
1990,Sweden,0.3170226,-0.020759175,0,0,0.959,0.882
1991,Sweden,0.324095,-1.8175151,0,0,0.959,0.882
1992,Sweden,0.31958652,-1.7366303,0,0,0.96,0.881
1993,Sweden,0.33190897,-2.6328084,0,0,0.96,0.88
1994,Sweden,0.35592508,3.1939554,0,0,0.96,0.88
1995,Sweden,0.36583695,3.3912692,0,0,0.962,0.881
1996,Sweden,0.3544958,1.4179243,0,0,0.962,0.881
1997,Sweden,0.3693918,3.011523,0,0,0.962,0.881
1998,Sweden,0.3741495,4.253947,0,0,0.962,0.881
1999,Sweden,0.3775201,4.165979,0,0,0.962,0.88
2000,Sweden,0.34282348,4.5982547,0,0,0.962,0.88
2001,Sweden,0.32916674,1.1775019,0,0,0.962,0.88
2002,Sweden,0.3349623,1.864874,0,0,0.962,0.881
2003,Sweden,0.34713408,1.9298304,0,0,0.963,0.882
2004,Sweden,0.37304977,3.9273062,0,0,0.963,0.882
2005,Sweden,0.40953535,2.4482484,0,0,0.963,0.882
2006,Sweden,0.41757688,4.075715,0,0,0.963,0.882
2007,Sweden,0.41701075,2.6750026,0,0,0.965,0.883
2008,Sweden,0.4106486,-1.2230695,0,0,0.965,0.883
2009,Sweden,0.4035997,-5.1512628,0,0,0.965,0.883
2010,Sweden,0.41963282,5.0526786,0,0,0.966,0.883
2011,Sweden,0.41235334,2.4189885,0,0,0.97,0.884
2012,Sweden,0.39218596,-1.3210024,0,0,0.97,0.887
2013,Sweden,0.39291632,0.33398485,0,0,0.969,0.887
2014,Sweden,0.39801383,1.644244,0,0,0.965,0.885
2015,Sweden,0.4068468,3.3901763,0,0,0.964,0.884
2016,Sweden,0.3910558,0.7961463,0,0,0.964,0.881
2017,Sweden,0.398301,1.1951475,1,5,0.964,0.881
2018,Sweden,0.42448361141229185,0.77257746,0,0,0.961,0.878
2019,Sweden,0.4278727784940983,0.9575617,0,0,0.947,0.871
2020,Sweden,0.4312619455759057,-2.874684,0,0,0.947,0.872
2021,Sweden,0.43465111265771306,5.511425,0,0,0.947,0.869
2022,Sweden,0.43688342,2.2137501,0,0,0.948,0.867
2023,Sweden,0.4414294468213269,2.1705870433981933,0,0,0.95,0.852
1990,Switzerland,0.41645733,2.615466,0,0,0.924,0.83
1991,Switzerland,0.39923924,-2.1464899,0,0,0.923,0.832
1992,Switzerland,0.39118358,-1.1397191,0,0,0.92,0.828
1993,Switzerland,0.38762614,-1.0314224,0,0,0.92,0.833
1994,Switzerland,0.3914578,0.4656864,0,0,0.92,0.833
1995,Switzerland,0.39199552,-0.18835074,0,0,0.921,0.833
1996,Switzerland,0.39501408,0.02854064,0,0,0.927,0.837
1997,Switzerland,0.40586424,2.015283,0,0,0.927,0.837
1998,Switzerland,0.41328147,2.7242846,0,0,0.927,0.837
1999,Switzerland,0.39912805,1.179006,0,0,0.926,0.837
2000,Switzerland,0.42415336,3.3761573,0,0,0.923,0.837
2001,Switzerland,0.40672395,0.93494964,0,0,0.923,0.837
2002,Switzerland,0.40760183,-0.8262804,0,0,0.923,0.837
2003,Switzerland,0.421384,-0.77133316,0,0,0.924,0.842
2004,Switzerland,0.42189702,1.9981321,0,0,0.926,0.842
2005,Switzerland,0.43112326,2.0935867,0,0,0.926,0.842
2006,Switzerland,0.4427562,3.4225507,0,0,0.926,0.842
2007,Switzerland,0.42914498,2.991822,0,0,0.929,0.845
2008,Switzerland,0.41381225,1.5099508,0,0,0.939,0.854
2009,Switzerland,0.41241503,-3.5105588,0,0,0.939,0.853
2010,Switzerland,0.43374047,2.173638,0,0,0.939,0.853
2011,Switzerland,0.43287843,0.68733984,0,0,0.942,0.855
2012,Switzerland,0.42422,0.110596605,0,0,0.953,0.859
2013,Switzerland,0.42559725,0.6283607,0,0,0.953,0.86
2014,Switzerland,0.42349926,1.1086936,0,0,0.953,0.86
2015,Switzerland,0.42210236,0.49412984,0,0,0.947,0.861
2016,Switzerland,0.42287254,0.96013165,0,0,0.944,0.861
2017,Switzerland,0.41950777,0.42132616,0,0,0.949,0.868
2018,Switzerland,0.4350985471571023,2.1055248,0,0,0.949,0.868
2019,Switzerland,0.4364824758811561,0.42308977,0,0,0.948,0.866
2020,Switzerland,0.4378664046052094,-2.8541584,0,0,0.942,0.855
2021,Switzerland,0.4392503333292632,4.588192,0,0,0.942,0.851
2022,Switzerland,0.41825283,1.7360013,0,0,0.942,0.851
2023,Switzerland,0.4420181907773708,1.6817902896481607,0,0,0.934,0.844
1990,Turkey,0.660477,7.216742,1,612,0.835,0.355
1991,Turkey,0.65446657,-1.0949599,1,426,0.839,0.368
1992,Turkey,0.64849246,3.2057583,1,1889,0.855,0.376
1993,Turkey,0.6425544,5.7837315,1,2685,0.855,0.375
1994,Turkey,0.6366522,-6.326331,1,4156,0.855,0.377
1995,Turkey,0.6367254,6.0678897,1,3700,0.855,0.379
1996,Turkey,0.6367975,5.619568,1,3696,0.862,0.386
1997,Turkey,0.63686836,5.850801,1,2624,0.862,0.396
1998,Turkey,0.6369379,0.8168467,1,2044,0.862,0.396
1999,Turkey,0.6370062,-4.7075257,1,1173,0.88,0.42
2000,Turkey,0.6370735,5.385567,1,153,0.887,0.432
2001,Turkey,0.6371396,-7.1382513,1,103,0.887,0.437
2002,Turkey,0.6372046,4.9690623,1,28,0.89,0.496
2003,Turkey,0.62988925,4.3734345,1,137,0.906,0.506
2004,Turkey,0.61641115,8.3094,1,194,0.906,0.511
2005,Turkey,0.59449154,7.5333996,1,293,0.906,0.498
2006,Turkey,0.5832355,5.5702634,1,216,0.906,0.496
2007,Turkey,0.5768652,4.2098765,1,494,0.832,0.477
2008,Turkey,0.58526266,-0.45285368,1,452,0.741,0.424
2009,Turkey,0.6013699,-6.127857,1,138,0.741,0.413
2010,Turkey,0.5929666,6.7920823,1,226,0.739,0.371
2011,Turkey,0.59455216,9.579864,1,410,0.727,0.362
2012,Turkey,0.5953197,3.4612124,1,809,0.708,0.355
2013,Turkey,0.58559954,7.1013193,1,171,0.697,0.3
2014,Turkey,0.5932925,3.533492,1,2658,0.637,0.258
2015,Turkey,0.5990817,4.678596,1,1966,0.522,0.236
2016,Turkey,0.6070269,1.9422585,1,1829,0.435,0.147
2017,Turkey,0.61233634,6.116959,1,453,0.433,0.105
2018,Turkey,0.61367506,1.6281853,1,485,0.415,0.108
2019,Turkey,0.5740193030077334,-0.6126185,1,383,0.402,0.113
2020,Turkey,0.5712525465059022,0.8761864,1,207,0.402,0.119
2021,Turkey,0.5684857900040701,10.429396,1,144,0.402,0.119
2022,Turkey,0.6011082,4.4995,1,129,0.384,0.114
2023,Turkey,0.5629522770004076,4.4294072578808,1,109,0.405,0.113
1990,United Kingdom,0.45997345,0.43308115,1,41,0.892,0.745
1991,United Kingdom,0.46588913,-1.4084858,1,26,0.892,0.745
1992,United Kingdom,0.46676603,0.129933,0,0,0.889,0.744
1993,United Kingdom,0.47266042,2.2444105,1,32,0.888,0.748
1994,United Kingdom,0.46408895,3.5819676,0,0,0.888,0.751
1995,United Kingdom,0.46650928,2.2607837,0,0,0.888,0.751
1996,United Kingdom,0.47474742,2.3211539,0,0,0.888,0.751
1997,United Kingdom,0.4711582,4.655039,0,0,0.881,0.747
1998,United Kingdom,0.48032293,3.113353,1,29,0.888,0.75
1999,United Kingdom,0.48873183,2.7231197,0,0,0.895,0.772
2000,United Kingdom,0.47638366,3.9466605,0,0,0.913,0.791
2001,United Kingdom,0.480518,2.1845968,0,0,0.92,0.797
2002,United Kingdom,0.48552763,1.3619733,0,0,0.922,0.794
2003,United Kingdom,0.4952259,2.667396,0,0,0.922,0.794
2004,United Kingdom,0.49005216,1.8454027,0,0,0.922,0.794
2005,United Kingdom,0.5008593,2.0358422,1,52,0.929,0.801
2006,United Kingdom,0.5017638,1.6364456,0,0,0.933,0.806
2007,United Kingdom,0.5009426,1.8243644,0,0,0.933,0.806
2008,United Kingdom,0.48488912,-1.0079011,0,0,0.933,0.806
2009,United Kingdom,0.4968391,-5.3337193,0,0,0.933,0.806
2010,United Kingdom,0.46727425,1.4403841,0,0,0.933,0.803
2011,United Kingdom,0.47512487,0.35772663,0,0,0.934,0.803
2012,United Kingdom,0.4863328,0.80951184,0,0,0.934,0.805
2013,United Kingdom,0.49935836,1.1128557,0,0,0.934,0.799
2014,United Kingdom,0.48022315,2.4385743,0,0,0.932,0.798
2015,United Kingdom,0.46938324,1.4134986,0,0,0.923,0.789
2016,United Kingdom,0.4682302,1.1515493,0,0,0.921,0.788
2017,United Kingdom,0.46811715,1.960021,0,0,0.928,0.8
2018,United Kingdom,0.49069346656695145,0.79121476,0,0,0.942,0.811
2019,United Kingdom,0.49138222660968667,1.0698334,1,3,0.939,0.79
2020,United Kingdom,0.49207098665242166,-10.687168,0,0,0.949,0.804
2021,United Kingdom,0.49275974669515665,8.763986,0,0,0.944,0.786
2022,United Kingdom,0.4572862,4.432095,0,0,0.939,0.764
2023,United Kingdom,0.49413726678062664,4.395999331601611,0,0,0.934,0.772
1990,United States,0.51255625,0.7414861,0,0,0.884,0.806
1991,United States,0.51141477,-1.4342002,0,0,0.891,0.805
1992,United States,0.5235627,2.0966127,0,0,0.891,0.811
1993,United States,0.5210872,1.4057086,0,0,0.891,0.807
1994,United States,0.5200881,2.7608824,0,0,0.892,0.808
1995,United States,0.52835286,1.4687183,0,0,0.893,0.812
1996,United States,0.53559494,2.5722592,0,0,0.893,0.811
1997,United States,0.5418481,3.197212,0,0,0.891,0.809
1998,United States,0.5433338,3.2705112,0,0,0.891,0.809
1999,United States,0.54667294,3.597985,0,0,0.891,0.812
2000,United States,0.5501338,2.925441,0,0,0.889,0.814
2001,United States,0.543755,-0.03991973,1,2986,0.824,0.767
2002,United States,0.5401895,0.75677407,0,0,0.834,0.768
2003,United States,0.54403335,1.9164804,0,0,0.884,0.805
2004,United States,0.5509866,2.8958478,1,4,0.882,0.806
2005,United States,0.5616493,2.5337842,0,0,0.875,0.799
2006,United States,0.56784785,1.7964864,0,0,0.885,0.807
2007,United States,0.56449574,1.0449301,1,0,0.938,0.842
2008,United States,0.5623635,-0.8203679,0,0,0.942,0.846
2009,United States,0.5569538,-3.450016,0,0,0.947,0.856
2010,United States,0.5675382,1.8602917,1,2,0.946,0.854
2011,United States,0.5730562,0.81451935,0,0,0.94,0.849
2012,United States,0.58399504,1.533102,0,0,0.941,0.849
2013,United States,0.5773292,1.1386924,0,0,0.945,0.853
2014,United States,0.5840611,1.5403806,1,7,0.943,0.853
2015,United States,0.5831387,1.9530041,1,14,0.946,0.854
2016,United States,0.5850735,0.93337536,0,0,0.935,0.838
2017,United States,0.5804986,1.5971355,1,8,0.87,0.753
2018,United States,0.58364385,2.404868,0,0,0.859,0.74
2019,United States,0.58053184,1.8296684,1,8,0.856,0.737
2020,United States,0.61952907,-3.7009525,0,0,0.852,0.729
2021,United States,0.6256135,5.7795486,1,2,0.837,0.756
2022,United States,0.6267754,1.5514874,1,1,0.845,0.765
2023,United States,0.601737059921394,1.5481475149330648,0,0,0.897,0.772
